REF_DATE,GEO,DGUID,UOM,UOM_ID,SCALAR_FACTOR,SCALAR_ID,VECTOR,COORDINATE,VALUE,STATUS,SYMBOL,TERMINATED,DECIMALS,GeoUID,Hierarchy for GEO,Classification Code for Labour force characteristics,Hierarchy for Labour force characteristics,Classification Code for Statistics,Hierarchy for Statistics,Classification Code for Data type,Hierarchy for Data type,val_norm,Date,Labour force characteristics,Statistics,Data type
2006-03,"Vancouver, British Columbia",2016S050359933,Persons,249,thousands,3,v1235049783,3.4.1.1,53.4,NA,NA,NA,1,59933,3,NA,1.2.4,NA,1,NA,1,53400,2006-03-01,Unemployment,Estimate,Seasonally adjusted
2006-03,"Vancouver, British Columbia",2016S050359933,Percentage,242,units,0,v1235049788,3.5.1.1,4.5,NA,NA,NA,1,59933,3,NA,5,NA,1,NA,1,0.045,2006-03-01,Unemployment rate,Estimate,Seasonally adjusted
2006-04,"Vancouver, British Columbia",2016S050359933,Persons,249,thousands,3,v1235049783,3.4.1.1,47.3,NA,NA,NA,1,59933,3,NA,1.2.4,NA,1,NA,1,47300,2006-04-01,Unemployment,Estimate,Seasonally adjusted
2006-04,"Vancouver, British Columbia",2016S050359933,Percentage,242,units,0,v1235049788,3.5.1.1,4,NA,NA,NA,1,59933,3,NA,5,NA,1,NA,1,0.04,2006-04-01,Unemployment rate,Estimate,Seasonally adjusted
2006-05,"Vancouver, British Columbia",2016S050359933,Persons,249,thousands,3,v1235049783,3.4.1.1,49,NA,NA,NA,1,59933,3,NA,1.2.4,NA,1,NA,1,49000,2006-05-01,Unemployment,Estimate,Seasonally adjusted
2006-05,"Vancouver, British Columbia",2016S050359933,Percentage,242,units,0,v1235049788,3.5.1.1,4.1,NA,NA,NA,1,59933,3,NA,5,NA,1,NA,1,0.040999999999999995,2006-05-01,Unemployment rate,Estimate,Seasonally adjusted
2006-06,"Vancouver, British Columbia",2016S050359933,Persons,249,thousands,3,v1235049783,3.4.1.1,47.5,NA,NA,NA,1,59933,3,NA,1.2.4,NA,1,NA,1,47500,2006-06-01,Unemployment,Estimate,Seasonally adjusted
2006-06,"Vancouver, British Columbia",2016S050359933,Percentage,242,units,0,v1235049788,3.5.1.1,4,NA,NA,NA,1,59933,3,NA,5,NA,1,NA,1,0.04,2006-06-01,Unemployment rate,Estimate,Seasonally adjusted
2006-07,"Vancouver, British Columbia",2016S050359933,Persons,249,thousands,3,v1235049783,3.4.1.1,50.7,NA,NA,NA,1,59933,3,NA,1.2.4,NA,1,NA,1,50700,2006-07-01,Unemployment,Estimate,Seasonally adjusted
2006-07,"Vancouver, British Columbia",2016S050359933,Percentage,242,units,0,v1235049788,3.5.1.1,4.2,NA,NA,NA,1,59933,3,NA,5,NA,1,NA,1,0.042,2006-07-01,Unemployment rate,Estimate,Seasonally adjusted
2006-08,"Vancouver, British Columbia",2016S050359933,Persons,249,thousands,3,v1235049783,3.4.1.1,50.5,NA,NA,NA,1,59933,3,NA,1.2.4,NA,1,NA,1,50500,2006-08-01,Unemployment,Estimate,Seasonally adjusted
2006-08,"Vancouver, British Columbia",2016S050359933,Percentage,242,units,0,v1235049788,3.5.1.1,4.2,NA,NA,NA,1,59933,3,NA,5,NA,1,NA,1,0.042,2006-08-01,Unemployment rate,Estimate,Seasonally adjusted
2006-09,"Vancouver, British Columbia",2016S050359933,Persons,249,thousands,3,v1235049783,3.4.1.1,54.1,NA,NA,NA,1,59933,3,NA,1.2.4,NA,1,NA,1,54100,2006-09-01,Unemployment,Estimate,Seasonally adjusted
2006-09,"Vancouver, British Columbia",2016S050359933,Percentage,242,units,0,v1235049788,3.5.1.1,4.4,NA,NA,NA,1,59933,3,NA,5,NA,1,NA,1,0.044000000000000004,2006-09-01,Unemployment rate,Estimate,Seasonally adjusted
2006-10,"Vancouver, British Columbia",2016S050359933,Persons,249,thousands,3,v1235049783,3.4.1.1,48.2,NA,NA,NA,1,59933,3,NA,1.2.4,NA,1,NA,1,48200,2006-10-01,Unemployment,Estimate,Seasonally adjusted
2006-10,"Vancouver, British Columbia",2016S050359933,Percentage,242,units,0,v1235049788,3.5.1.1,4,NA,NA,NA,1,59933,3,NA,5,NA,1,NA,1,0.04,2006-10-01,Unemployment rate,Estimate,Seasonally adjusted
2006-11,"Vancouver, British Columbia",2016S050359933,Persons,249,thousands,3,v1235049783,3.4.1.1,54.9,NA,NA,NA,1,59933,3,NA,1.2.4,NA,1,NA,1,54900,2006-11-01,Unemployment,Estimate,Seasonally adjusted
2006-11,"Vancouver, British Columbia",2016S050359933,Percentage,242,units,0,v1235049788,3.5.1.1,4.6,NA,NA,NA,1,59933,3,NA,5,NA,1,NA,1,0.046,2006-11-01,Unemployment rate,Estimate,Seasonally adjusted
2006-12,"Vancouver, British Columbia",2016S050359933,Persons,249,thousands,3,v1235049783,3.4.1.1,58.7,NA,NA,NA,1,59933,3,NA,1.2.4,NA,1,NA,1,58700,2006-12-01,Unemployment,Estimate,Seasonally adjusted
2006-12,"Vancouver, British Columbia",2016S050359933,Percentage,242,units,0,v1235049788,3.5.1.1,4.8,NA,NA,NA,1,59933,3,NA,5,NA,1,NA,1,0.048,2006-12-01,Unemployment rate,Estimate,Seasonally adjusted
2007-01,"Vancouver, British Columbia",2016S050359933,Persons,249,thousands,3,v1235049783,3.4.1.1,49.4,NA,NA,NA,1,59933,3,NA,1.2.4,NA,1,NA,1,49400,2007-01-01,Unemployment,Estimate,Seasonally adjusted
2007-01,"Vancouver, British Columbia",2016S050359933,Percentage,242,units,0,v1235049788,3.5.1.1,4,NA,NA,NA,1,59933,3,NA,5,NA,1,NA,1,0.04,2007-01-01,Unemployment rate,Estimate,Seasonally adjusted
2007-02,"Vancouver, British Columbia",2016S050359933,Persons,249,thousands,3,v1235049783,3.4.1.1,42.6,NA,NA,NA,1,59933,3,NA,1.2.4,NA,1,NA,1,42600,2007-02-01,Unemployment,Estimate,Seasonally adjusted
2007-02,"Vancouver, British Columbia",2016S050359933,Percentage,242,units,0,v1235049788,3.5.1.1,3.5,NA,NA,NA,1,59933,3,NA,5,NA,1,NA,1,0.035,2007-02-01,Unemployment rate,Estimate,Seasonally adjusted
2007-03,"Vancouver, British Columbia",2016S050359933,Persons,249,thousands,3,v1235049783,3.4.1.1,42.4,NA,NA,NA,1,59933,3,NA,1.2.4,NA,1,NA,1,42400,2007-03-01,Unemployment,Estimate,Seasonally adjusted
2007-03,"Vancouver, British Columbia",2016S050359933,Percentage,242,units,0,v1235049788,3.5.1.1,3.5,NA,NA,NA,1,59933,3,NA,5,NA,1,NA,1,0.035,2007-03-01,Unemployment rate,Estimate,Seasonally adjusted
2007-04,"Vancouver, British Columbia",2016S050359933,Persons,249,thousands,3,v1235049783,3.4.1.1,53.7,NA,NA,NA,1,59933,3,NA,1.2.4,NA,1,NA,1,53700,2007-04-01,Unemployment,Estimate,Seasonally adjusted
2007-04,"Vancouver, British Columbia",2016S050359933,Percentage,242,units,0,v1235049788,3.5.1.1,4.4,NA,NA,NA,1,59933,3,NA,5,NA,1,NA,1,0.044000000000000004,2007-04-01,Unemployment rate,Estimate,Seasonally adjusted
2007-05,"Vancouver, British Columbia",2016S050359933,Persons,249,thousands,3,v1235049783,3.4.1.1,52.9,NA,NA,NA,1,59933,3,NA,1.2.4,NA,1,NA,1,52900,2007-05-01,Unemployment,Estimate,Seasonally adjusted
2007-05,"Vancouver, British Columbia",2016S050359933,Percentage,242,units,0,v1235049788,3.5.1.1,4.3,NA,NA,NA,1,59933,3,NA,5,NA,1,NA,1,0.043,2007-05-01,Unemployment rate,Estimate,Seasonally adjusted
2007-06,"Vancouver, British Columbia",2016S050359933,Persons,249,thousands,3,v1235049783,3.4.1.1,50.3,NA,NA,NA,1,59933,3,NA,1.2.4,NA,1,NA,1,50300,2007-06-01,Unemployment,Estimate,Seasonally adjusted
2007-06,"Vancouver, British Columbia",2016S050359933,Percentage,242,units,0,v1235049788,3.5.1.1,4.1,NA,NA,NA,1,59933,3,NA,5,NA,1,NA,1,0.040999999999999995,2007-06-01,Unemployment rate,Estimate,Seasonally adjusted
2007-07,"Vancouver, British Columbia",2016S050359933,Persons,249,thousands,3,v1235049783,3.4.1.1,49.1,NA,NA,NA,1,59933,3,NA,1.2.4,NA,1,NA,1,49100,2007-07-01,Unemployment,Estimate,Seasonally adjusted
2007-07,"Vancouver, British Columbia",2016S050359933,Percentage,242,units,0,v1235049788,3.5.1.1,4,NA,NA,NA,1,59933,3,NA,5,NA,1,NA,1,0.04,2007-07-01,Unemployment rate,Estimate,Seasonally adjusted
2007-08,"Vancouver, British Columbia",2016S050359933,Persons,249,thousands,3,v1235049783,3.4.1.1,46.2,NA,NA,NA,1,59933,3,NA,1.2.4,NA,1,NA,1,46200,2007-08-01,Unemployment,Estimate,Seasonally adjusted
2007-08,"Vancouver, British Columbia",2016S050359933,Percentage,242,units,0,v1235049788,3.5.1.1,3.8,NA,NA,NA,1,59933,3,NA,5,NA,1,NA,1,0.038,2007-08-01,Unemployment rate,Estimate,Seasonally adjusted
2007-09,"Vancouver, British Columbia",2016S050359933,Persons,249,thousands,3,v1235049783,3.4.1.1,55.6,NA,NA,NA,1,59933,3,NA,1.2.4,NA,1,NA,1,55600,2007-09-01,Unemployment,Estimate,Seasonally adjusted
2007-09,"Vancouver, British Columbia",2016S050359933,Percentage,242,units,0,v1235049788,3.5.1.1,4.5,NA,NA,NA,1,59933,3,NA,5,NA,1,NA,1,0.045,2007-09-01,Unemployment rate,Estimate,Seasonally adjusted
2007-10,"Vancouver, British Columbia",2016S050359933,Persons,249,thousands,3,v1235049783,3.4.1.1,55.8,NA,NA,NA,1,59933,3,NA,1.2.4,NA,1,NA,1,55800,2007-10-01,Unemployment,Estimate,Seasonally adjusted
2007-10,"Vancouver, British Columbia",2016S050359933,Percentage,242,units,0,v1235049788,3.5.1.1,4.5,NA,NA,NA,1,59933,3,NA,5,NA,1,NA,1,0.045,2007-10-01,Unemployment rate,Estimate,Seasonally adjusted
2007-11,"Vancouver, British Columbia",2016S050359933,Persons,249,thousands,3,v1235049783,3.4.1.1,50.5,NA,NA,NA,1,59933,3,NA,1.2.4,NA,1,NA,1,50500,2007-11-01,Unemployment,Estimate,Seasonally adjusted
2007-11,"Vancouver, British Columbia",2016S050359933,Percentage,242,units,0,v1235049788,3.5.1.1,4,NA,NA,NA,1,59933,3,NA,5,NA,1,NA,1,0.04,2007-11-01,Unemployment rate,Estimate,Seasonally adjusted
2007-12,"Vancouver, British Columbia",2016S050359933,Persons,249,thousands,3,v1235049783,3.4.1.1,46.9,NA,NA,NA,1,59933,3,NA,1.2.4,NA,1,NA,1,46900,2007-12-01,Unemployment,Estimate,Seasonally adjusted
2007-12,"Vancouver, British Columbia",2016S050359933,Percentage,242,units,0,v1235049788,3.5.1.1,3.8,NA,NA,NA,1,59933,3,NA,5,NA,1,NA,1,0.038,2007-12-01,Unemployment rate,Estimate,Seasonally adjusted
2008-01,"Vancouver, British Columbia",2016S050359933,Persons,249,thousands,3,v1235049783,3.4.1.1,46.6,NA,NA,NA,1,59933,3,NA,1.2.4,NA,1,NA,1,46600,2008-01-01,Unemployment,Estimate,Seasonally adjusted
2008-01,"Vancouver, British Columbia",2016S050359933,Percentage,242,units,0,v1235049788,3.5.1.1,3.7,NA,NA,NA,1,59933,3,NA,5,NA,1,NA,1,0.037000000000000005,2008-01-01,Unemployment rate,Estimate,Seasonally adjusted
2008-02,"Vancouver, British Columbia",2016S050359933,Persons,249,thousands,3,v1235049783,3.4.1.1,47.6,NA,NA,NA,1,59933,3,NA,1.2.4,NA,1,NA,1,47600,2008-02-01,Unemployment,Estimate,Seasonally adjusted
2008-02,"Vancouver, British Columbia",2016S050359933,Percentage,242,units,0,v1235049788,3.5.1.1,3.8,NA,NA,NA,1,59933,3,NA,5,NA,1,NA,1,0.038,2008-02-01,Unemployment rate,Estimate,Seasonally adjusted
2008-03,"Vancouver, British Columbia",2016S050359933,Persons,249,thousands,3,v1235049783,3.4.1.1,52.1,NA,NA,NA,1,59933,3,NA,1.2.4,NA,1,NA,1,52100,2008-03-01,Unemployment,Estimate,Seasonally adjusted
2008-03,"Vancouver, British Columbia",2016S050359933,Percentage,242,units,0,v1235049788,3.5.1.1,4.2,NA,NA,NA,1,59933,3,NA,5,NA,1,NA,1,0.042,2008-03-01,Unemployment rate,Estimate,Seasonally adjusted
2008-04,"Vancouver, British Columbia",2016S050359933,Persons,249,thousands,3,v1235049783,3.4.1.1,53.1,NA,NA,NA,1,59933,3,NA,1.2.4,NA,1,NA,1,53100,2008-04-01,Unemployment,Estimate,Seasonally adjusted
2008-04,"Vancouver, British Columbia",2016S050359933,Percentage,242,units,0,v1235049788,3.5.1.1,4.3,NA,NA,NA,1,59933,3,NA,5,NA,1,NA,1,0.043,2008-04-01,Unemployment rate,Estimate,Seasonally adjusted
2008-05,"Vancouver, British Columbia",2016S050359933,Persons,249,thousands,3,v1235049783,3.4.1.1,53,NA,NA,NA,1,59933,3,NA,1.2.4,NA,1,NA,1,53000,2008-05-01,Unemployment,Estimate,Seasonally adjusted
2008-05,"Vancouver, British Columbia",2016S050359933,Percentage,242,units,0,v1235049788,3.5.1.1,4.3,NA,NA,NA,1,59933,3,NA,5,NA,1,NA,1,0.043,2008-05-01,Unemployment rate,Estimate,Seasonally adjusted
2008-06,"Vancouver, British Columbia",2016S050359933,Persons,249,thousands,3,v1235049783,3.4.1.1,52.3,NA,NA,NA,1,59933,3,NA,1.2.4,NA,1,NA,1,52300,2008-06-01,Unemployment,Estimate,Seasonally adjusted
2008-06,"Vancouver, British Columbia",2016S050359933,Percentage,242,units,0,v1235049788,3.5.1.1,4.2,NA,NA,NA,1,59933,3,NA,5,NA,1,NA,1,0.042,2008-06-01,Unemployment rate,Estimate,Seasonally adjusted
2008-07,"Vancouver, British Columbia",2016S050359933,Persons,249,thousands,3,v1235049783,3.4.1.1,54,NA,NA,NA,1,59933,3,NA,1.2.4,NA,1,NA,1,54000,2008-07-01,Unemployment,Estimate,Seasonally adjusted
2008-07,"Vancouver, British Columbia",2016S050359933,Percentage,242,units,0,v1235049788,3.5.1.1,4.3,NA,NA,NA,1,59933,3,NA,5,NA,1,NA,1,0.043,2008-07-01,Unemployment rate,Estimate,Seasonally adjusted
2008-08,"Vancouver, British Columbia",2016S050359933,Persons,249,thousands,3,v1235049783,3.4.1.1,48.6,NA,NA,NA,1,59933,3,NA,1.2.4,NA,1,NA,1,48600,2008-08-01,Unemployment,Estimate,Seasonally adjusted
2008-08,"Vancouver, British Columbia",2016S050359933,Percentage,242,units,0,v1235049788,3.5.1.1,3.9,NA,NA,NA,1,59933,3,NA,5,NA,1,NA,1,0.039,2008-08-01,Unemployment rate,Estimate,Seasonally adjusted
2008-09,"Vancouver, British Columbia",2016S050359933,Persons,249,thousands,3,v1235049783,3.4.1.1,51.8,NA,NA,NA,1,59933,3,NA,1.2.4,NA,1,NA,1,51800,2008-09-01,Unemployment,Estimate,Seasonally adjusted
2008-09,"Vancouver, British Columbia",2016S050359933,Percentage,242,units,0,v1235049788,3.5.1.1,4.2,NA,NA,NA,1,59933,3,NA,5,NA,1,NA,1,0.042,2008-09-01,Unemployment rate,Estimate,Seasonally adjusted
2008-10,"Vancouver, British Columbia",2016S050359933,Persons,249,thousands,3,v1235049783,3.4.1.1,54.7,NA,NA,NA,1,59933,3,NA,1.2.4,NA,1,NA,1,54700,2008-10-01,Unemployment,Estimate,Seasonally adjusted
2008-10,"Vancouver, British Columbia",2016S050359933,Percentage,242,units,0,v1235049788,3.5.1.1,4.4,NA,NA,NA,1,59933,3,NA,5,NA,1,NA,1,0.044000000000000004,2008-10-01,Unemployment rate,Estimate,Seasonally adjusted
2008-11,"Vancouver, British Columbia",2016S050359933,Persons,249,thousands,3,v1235049783,3.4.1.1,56.1,NA,NA,NA,1,59933,3,NA,1.2.4,NA,1,NA,1,56100,2008-11-01,Unemployment,Estimate,Seasonally adjusted
2008-11,"Vancouver, British Columbia",2016S050359933,Percentage,242,units,0,v1235049788,3.5.1.1,4.5,NA,NA,NA,1,59933,3,NA,5,NA,1,NA,1,0.045,2008-11-01,Unemployment rate,Estimate,Seasonally adjusted
2008-12,"Vancouver, British Columbia",2016S050359933,Persons,249,thousands,3,v1235049783,3.4.1.1,70.3,NA,NA,NA,1,59933,3,NA,1.2.4,NA,1,NA,1,70300,2008-12-01,Unemployment,Estimate,Seasonally adjusted
2008-12,"Vancouver, British Columbia",2016S050359933,Percentage,242,units,0,v1235049788,3.5.1.1,5.6,NA,NA,NA,1,59933,3,NA,5,NA,1,NA,1,0.055999999999999994,2008-12-01,Unemployment rate,Estimate,Seasonally adjusted
2009-01,"Vancouver, British Columbia",2016S050359933,Persons,249,thousands,3,v1235049783,3.4.1.1,73.6,NA,NA,NA,1,59933,3,NA,1.2.4,NA,1,NA,1,73600,2009-01-01,Unemployment,Estimate,Seasonally adjusted
2009-01,"Vancouver, British Columbia",2016S050359933,Percentage,242,units,0,v1235049788,3.5.1.1,5.9,NA,NA,NA,1,59933,3,NA,5,NA,1,NA,1,0.059000000000000004,2009-01-01,Unemployment rate,Estimate,Seasonally adjusted
2009-02,"Vancouver, British Columbia",2016S050359933,Persons,249,thousands,3,v1235049783,3.4.1.1,82.1,NA,NA,NA,1,59933,3,NA,1.2.4,NA,1,NA,1,82100,2009-02-01,Unemployment,Estimate,Seasonally adjusted
2009-02,"Vancouver, British Columbia",2016S050359933,Percentage,242,units,0,v1235049788,3.5.1.1,6.5,NA,NA,NA,1,59933,3,NA,5,NA,1,NA,1,0.065,2009-02-01,Unemployment rate,Estimate,Seasonally adjusted
2009-03,"Vancouver, British Columbia",2016S050359933,Persons,249,thousands,3,v1235049783,3.4.1.1,91.3,NA,NA,NA,1,59933,3,NA,1.2.4,NA,1,NA,1,91300,2009-03-01,Unemployment,Estimate,Seasonally adjusted
2009-03,"Vancouver, British Columbia",2016S050359933,Percentage,242,units,0,v1235049788,3.5.1.1,7.2,NA,NA,NA,1,59933,3,NA,5,NA,1,NA,1,0.07200000000000001,2009-03-01,Unemployment rate,Estimate,Seasonally adjusted
2009-04,"Vancouver, British Columbia",2016S050359933,Persons,249,thousands,3,v1235049783,3.4.1.1,92.7,NA,NA,NA,1,59933,3,NA,1.2.4,NA,1,NA,1,92700,2009-04-01,Unemployment,Estimate,Seasonally adjusted
2009-04,"Vancouver, British Columbia",2016S050359933,Percentage,242,units,0,v1235049788,3.5.1.1,7.2,NA,NA,NA,1,59933,3,NA,5,NA,1,NA,1,0.07200000000000001,2009-04-01,Unemployment rate,Estimate,Seasonally adjusted
2009-05,"Vancouver, British Columbia",2016S050359933,Persons,249,thousands,3,v1235049783,3.4.1.1,93.4,NA,NA,NA,1,59933,3,NA,1.2.4,NA,1,NA,1,93400,2009-05-01,Unemployment,Estimate,Seasonally adjusted
2009-05,"Vancouver, British Columbia",2016S050359933,Percentage,242,units,0,v1235049788,3.5.1.1,7.3,NA,NA,NA,1,59933,3,NA,5,NA,1,NA,1,0.073,2009-05-01,Unemployment rate,Estimate,Seasonally adjusted
2009-06,"Vancouver, British Columbia",2016S050359933,Persons,249,thousands,3,v1235049783,3.4.1.1,99.7,NA,NA,NA,1,59933,3,NA,1.2.4,NA,1,NA,1,99700,2009-06-01,Unemployment,Estimate,Seasonally adjusted
2009-06,"Vancouver, British Columbia",2016S050359933,Percentage,242,units,0,v1235049788,3.5.1.1,7.7,NA,NA,NA,1,59933,3,NA,5,NA,1,NA,1,0.077,2009-06-01,Unemployment rate,Estimate,Seasonally adjusted
2009-07,"Vancouver, British Columbia",2016S050359933,Persons,249,thousands,3,v1235049783,3.4.1.1,95.6,NA,NA,NA,1,59933,3,NA,1.2.4,NA,1,NA,1,95600,2009-07-01,Unemployment,Estimate,Seasonally adjusted
2009-07,"Vancouver, British Columbia",2016S050359933,Percentage,242,units,0,v1235049788,3.5.1.1,7.5,NA,NA,NA,1,59933,3,NA,5,NA,1,NA,1,0.075,2009-07-01,Unemployment rate,Estimate,Seasonally adjusted
2009-08,"Vancouver, British Columbia",2016S050359933,Persons,249,thousands,3,v1235049783,3.4.1.1,101.1,NA,NA,NA,1,59933,3,NA,1.2.4,NA,1,NA,1,101100,2009-08-01,Unemployment,Estimate,Seasonally adjusted
2009-08,"Vancouver, British Columbia",2016S050359933,Percentage,242,units,0,v1235049788,3.5.1.1,7.9,NA,NA,NA,1,59933,3,NA,5,NA,1,NA,1,0.079,2009-08-01,Unemployment rate,Estimate,Seasonally adjusted
2009-09,"Vancouver, British Columbia",2016S050359933,Persons,249,thousands,3,v1235049783,3.4.1.1,88.6,NA,NA,NA,1,59933,3,NA,1.2.4,NA,1,NA,1,88600,2009-09-01,Unemployment,Estimate,Seasonally adjusted
2009-09,"Vancouver, British Columbia",2016S050359933,Percentage,242,units,0,v1235049788,3.5.1.1,6.9,NA,NA,NA,1,59933,3,NA,5,NA,1,NA,1,0.069,2009-09-01,Unemployment rate,Estimate,Seasonally adjusted
2009-10,"Vancouver, British Columbia",2016S050359933,Persons,249,thousands,3,v1235049783,3.4.1.1,98.4,NA,NA,NA,1,59933,3,NA,1.2.4,NA,1,NA,1,98400,2009-10-01,Unemployment,Estimate,Seasonally adjusted
2009-10,"Vancouver, British Columbia",2016S050359933,Percentage,242,units,0,v1235049788,3.5.1.1,7.7,NA,NA,NA,1,59933,3,NA,5,NA,1,NA,1,0.077,2009-10-01,Unemployment rate,Estimate,Seasonally adjusted
2009-11,"Vancouver, British Columbia",2016S050359933,Persons,249,thousands,3,v1235049783,3.4.1.1,99.9,NA,NA,NA,1,59933,3,NA,1.2.4,NA,1,NA,1,99900,2009-11-01,Unemployment,Estimate,Seasonally adjusted
2009-11,"Vancouver, British Columbia",2016S050359933,Percentage,242,units,0,v1235049788,3.5.1.1,7.7,NA,NA,NA,1,59933,3,NA,5,NA,1,NA,1,0.077,2009-11-01,Unemployment rate,Estimate,Seasonally adjusted
2009-12,"Vancouver, British Columbia",2016S050359933,Persons,249,thousands,3,v1235049783,3.4.1.1,98.4,NA,NA,NA,1,59933,3,NA,1.2.4,NA,1,NA,1,98400,2009-12-01,Unemployment,Estimate,Seasonally adjusted
2009-12,"Vancouver, British Columbia",2016S050359933,Percentage,242,units,0,v1235049788,3.5.1.1,7.6,NA,NA,NA,1,59933,3,NA,5,NA,1,NA,1,0.076,2009-12-01,Unemployment rate,Estimate,Seasonally adjusted
2010-01,"Vancouver, British Columbia",2016S050359933,Persons,249,thousands,3,v1235049783,3.4.1.1,104.8,NA,NA,NA,1,59933,3,NA,1.2.4,NA,1,NA,1,104800,2010-01-01,Unemployment,Estimate,Seasonally adjusted
2010-01,"Vancouver, British Columbia",2016S050359933,Percentage,242,units,0,v1235049788,3.5.1.1,8.1,NA,NA,NA,1,59933,3,NA,5,NA,1,NA,1,0.081,2010-01-01,Unemployment rate,Estimate,Seasonally adjusted
2010-02,"Vancouver, British Columbia",2016S050359933,Persons,249,thousands,3,v1235049783,3.4.1.1,98.4,NA,NA,NA,1,59933,3,NA,1.2.4,NA,1,NA,1,98400,2010-02-01,Unemployment,Estimate,Seasonally adjusted
2010-02,"Vancouver, British Columbia",2016S050359933,Percentage,242,units,0,v1235049788,3.5.1.1,7.6,NA,NA,NA,1,59933,3,NA,5,NA,1,NA,1,0.076,2010-02-01,Unemployment rate,Estimate,Seasonally adjusted
2010-03,"Vancouver, British Columbia",2016S050359933,Persons,249,thousands,3,v1235049783,3.4.1.1,102.3,NA,NA,NA,1,59933,3,NA,1.2.4,NA,1,NA,1,102300,2010-03-01,Unemployment,Estimate,Seasonally adjusted
2010-03,"Vancouver, British Columbia",2016S050359933,Percentage,242,units,0,v1235049788,3.5.1.1,8,NA,NA,NA,1,59933,3,NA,5,NA,1,NA,1,0.08,2010-03-01,Unemployment rate,Estimate,Seasonally adjusted
2010-04,"Vancouver, British Columbia",2016S050359933,Persons,249,thousands,3,v1235049783,3.4.1.1,99.5,NA,NA,NA,1,59933,3,NA,1.2.4,NA,1,NA,1,99500,2010-04-01,Unemployment,Estimate,Seasonally adjusted
2010-04,"Vancouver, British Columbia",2016S050359933,Percentage,242,units,0,v1235049788,3.5.1.1,7.8,NA,NA,NA,1,59933,3,NA,5,NA,1,NA,1,0.078,2010-04-01,Unemployment rate,Estimate,Seasonally adjusted
2010-05,"Vancouver, British Columbia",2016S050359933,Persons,249,thousands,3,v1235049783,3.4.1.1,99.7,NA,NA,NA,1,59933,3,NA,1.2.4,NA,1,NA,1,99700,2010-05-01,Unemployment,Estimate,Seasonally adjusted
2010-05,"Vancouver, British Columbia",2016S050359933,Percentage,242,units,0,v1235049788,3.5.1.1,7.8,NA,NA,NA,1,59933,3,NA,5,NA,1,NA,1,0.078,2010-05-01,Unemployment rate,Estimate,Seasonally adjusted
2010-06,"Vancouver, British Columbia",2016S050359933,Persons,249,thousands,3,v1235049783,3.4.1.1,101.4,NA,NA,NA,1,59933,3,NA,1.2.4,NA,1,NA,1,101400,2010-06-01,Unemployment,Estimate,Seasonally adjusted
2010-06,"Vancouver, British Columbia",2016S050359933,Percentage,242,units,0,v1235049788,3.5.1.1,7.9,NA,NA,NA,1,59933,3,NA,5,NA,1,NA,1,0.079,2010-06-01,Unemployment rate,Estimate,Seasonally adjusted
2010-07,"Vancouver, British Columbia",2016S050359933,Persons,249,thousands,3,v1235049783,3.4.1.1,93.7,NA,NA,NA,1,59933,3,NA,1.2.4,NA,1,NA,1,93700,2010-07-01,Unemployment,Estimate,Seasonally adjusted
2010-07,"Vancouver, British Columbia",2016S050359933,Percentage,242,units,0,v1235049788,3.5.1.1,7.2,NA,NA,NA,1,59933,3,NA,5,NA,1,NA,1,0.07200000000000001,2010-07-01,Unemployment rate,Estimate,Seasonally adjusted
2010-08,"Vancouver, British Columbia",2016S050359933,Persons,249,thousands,3,v1235049783,3.4.1.1,90.7,NA,NA,NA,1,59933,3,NA,1.2.4,NA,1,NA,1,90700,2010-08-01,Unemployment,Estimate,Seasonally adjusted
2010-08,"Vancouver, British Columbia",2016S050359933,Percentage,242,units,0,v1235049788,3.5.1.1,7,NA,NA,NA,1,59933,3,NA,5,NA,1,NA,1,0.07,2010-08-01,Unemployment rate,Estimate,Seasonally adjusted
2010-09,"Vancouver, British Columbia",2016S050359933,Persons,249,thousands,3,v1235049783,3.4.1.1,100.6,NA,NA,NA,1,59933,3,NA,1.2.4,NA,1,NA,1,100600,2010-09-01,Unemployment,Estimate,Seasonally adjusted
2010-09,"Vancouver, British Columbia",2016S050359933,Percentage,242,units,0,v1235049788,3.5.1.1,7.7,NA,NA,NA,1,59933,3,NA,5,NA,1,NA,1,0.077,2010-09-01,Unemployment rate,Estimate,Seasonally adjusted
2010-10,"Vancouver, British Columbia",2016S050359933,Persons,249,thousands,3,v1235049783,3.4.1.1,94.9,NA,NA,NA,1,59933,3,NA,1.2.4,NA,1,NA,1,94900,2010-10-01,Unemployment,Estimate,Seasonally adjusted
2010-10,"Vancouver, British Columbia",2016S050359933,Percentage,242,units,0,v1235049788,3.5.1.1,7.3,NA,NA,NA,1,59933,3,NA,5,NA,1,NA,1,0.073,2010-10-01,Unemployment rate,Estimate,Seasonally adjusted
2010-11,"Vancouver, British Columbia",2016S050359933,Persons,249,thousands,3,v1235049783,3.4.1.1,83.3,NA,NA,NA,1,59933,3,NA,1.2.4,NA,1,NA,1,83300,2010-11-01,Unemployment,Estimate,Seasonally adjusted
2010-11,"Vancouver, British Columbia",2016S050359933,Percentage,242,units,0,v1235049788,3.5.1.1,6.4,NA,NA,NA,1,59933,3,NA,5,NA,1,NA,1,0.064,2010-11-01,Unemployment rate,Estimate,Seasonally adjusted
2010-12,"Vancouver, British Columbia",2016S050359933,Persons,249,thousands,3,v1235049783,3.4.1.1,93.3,NA,NA,NA,1,59933,3,NA,1.2.4,NA,1,NA,1,93300,2010-12-01,Unemployment,Estimate,Seasonally adjusted
2010-12,"Vancouver, British Columbia",2016S050359933,Percentage,242,units,0,v1235049788,3.5.1.1,7.1,NA,NA,NA,1,59933,3,NA,5,NA,1,NA,1,0.071,2010-12-01,Unemployment rate,Estimate,Seasonally adjusted
2011-01,"Vancouver, British Columbia",2016S050359933,Persons,249,thousands,3,v1235049783,3.4.1.1,98.5,NA,NA,NA,1,59933,3,NA,1.2.4,NA,1,NA,1,98500,2011-01-01,Unemployment,Estimate,Seasonally adjusted
2011-01,"Vancouver, British Columbia",2016S050359933,Percentage,242,units,0,v1235049788,3.5.1.1,7.5,NA,NA,NA,1,59933,3,NA,5,NA,1,NA,1,0.075,2011-01-01,Unemployment rate,Estimate,Seasonally adjusted
2011-02,"Vancouver, British Columbia",2016S050359933,Persons,249,thousands,3,v1235049783,3.4.1.1,120.5,NA,NA,NA,1,59933,3,NA,1.2.4,NA,1,NA,1,120500,2011-02-01,Unemployment,Estimate,Seasonally adjusted
2011-02,"Vancouver, British Columbia",2016S050359933,Percentage,242,units,0,v1235049788,3.5.1.1,9.1,NA,NA,NA,1,59933,3,NA,5,NA,1,NA,1,0.091,2011-02-01,Unemployment rate,Estimate,Seasonally adjusted
2011-03,"Vancouver, British Columbia",2016S050359933,Persons,249,thousands,3,v1235049783,3.4.1.1,106.3,NA,NA,NA,1,59933,3,NA,1.2.4,NA,1,NA,1,106300,2011-03-01,Unemployment,Estimate,Seasonally adjusted
2011-03,"Vancouver, British Columbia",2016S050359933,Percentage,242,units,0,v1235049788,3.5.1.1,8.1,NA,NA,NA,1,59933,3,NA,5,NA,1,NA,1,0.081,2011-03-01,Unemployment rate,Estimate,Seasonally adjusted
2011-04,"Vancouver, British Columbia",2016S050359933,Persons,249,thousands,3,v1235049783,3.4.1.1,111.5,NA,NA,NA,1,59933,3,NA,1.2.4,NA,1,NA,1,111500,2011-04-01,Unemployment,Estimate,Seasonally adjusted
2011-04,"Vancouver, British Columbia",2016S050359933,Percentage,242,units,0,v1235049788,3.5.1.1,8.4,NA,NA,NA,1,59933,3,NA,5,NA,1,NA,1,0.084,2011-04-01,Unemployment rate,Estimate,Seasonally adjusted
2011-05,"Vancouver, British Columbia",2016S050359933,Persons,249,thousands,3,v1235049783,3.4.1.1,95.5,NA,NA,NA,1,59933,3,NA,1.2.4,NA,1,NA,1,95500,2011-05-01,Unemployment,Estimate,Seasonally adjusted
2011-05,"Vancouver, British Columbia",2016S050359933,Percentage,242,units,0,v1235049788,3.5.1.1,7.3,NA,NA,NA,1,59933,3,NA,5,NA,1,NA,1,0.073,2011-05-01,Unemployment rate,Estimate,Seasonally adjusted
2011-06,"Vancouver, British Columbia",2016S050359933,Persons,249,thousands,3,v1235049783,3.4.1.1,94,NA,NA,NA,1,59933,3,NA,1.2.4,NA,1,NA,1,94000,2011-06-01,Unemployment,Estimate,Seasonally adjusted
2011-06,"Vancouver, British Columbia",2016S050359933,Percentage,242,units,0,v1235049788,3.5.1.1,7.2,NA,NA,NA,1,59933,3,NA,5,NA,1,NA,1,0.07200000000000001,2011-06-01,Unemployment rate,Estimate,Seasonally adjusted
2011-07,"Vancouver, British Columbia",2016S050359933,Persons,249,thousands,3,v1235049783,3.4.1.1,97.1,NA,NA,NA,1,59933,3,NA,1.2.4,NA,1,NA,1,97100,2011-07-01,Unemployment,Estimate,Seasonally adjusted
2011-07,"Vancouver, British Columbia",2016S050359933,Percentage,242,units,0,v1235049788,3.5.1.1,7.5,NA,NA,NA,1,59933,3,NA,5,NA,1,NA,1,0.075,2011-07-01,Unemployment rate,Estimate,Seasonally adjusted
2011-08,"Vancouver, British Columbia",2016S050359933,Persons,249,thousands,3,v1235049783,3.4.1.1,102.2,NA,NA,NA,1,59933,3,NA,1.2.4,NA,1,NA,1,102200,2011-08-01,Unemployment,Estimate,Seasonally adjusted
2011-08,"Vancouver, British Columbia",2016S050359933,Percentage,242,units,0,v1235049788,3.5.1.1,7.8,NA,NA,NA,1,59933,3,NA,5,NA,1,NA,1,0.078,2011-08-01,Unemployment rate,Estimate,Seasonally adjusted
2011-09,"Vancouver, British Columbia",2016S050359933,Persons,249,thousands,3,v1235049783,3.4.1.1,89,NA,NA,NA,1,59933,3,NA,1.2.4,NA,1,NA,1,89000,2011-09-01,Unemployment,Estimate,Seasonally adjusted
2011-09,"Vancouver, British Columbia",2016S050359933,Percentage,242,units,0,v1235049788,3.5.1.1,6.6,NA,NA,NA,1,59933,3,NA,5,NA,1,NA,1,0.066,2011-09-01,Unemployment rate,Estimate,Seasonally adjusted
2011-10,"Vancouver, British Columbia",2016S050359933,Persons,249,thousands,3,v1235049783,3.4.1.1,89.4,NA,NA,NA,1,59933,3,NA,1.2.4,NA,1,NA,1,89400,2011-10-01,Unemployment,Estimate,Seasonally adjusted
2011-10,"Vancouver, British Columbia",2016S050359933,Percentage,242,units,0,v1235049788,3.5.1.1,6.7,NA,NA,NA,1,59933,3,NA,5,NA,1,NA,1,0.067,2011-10-01,Unemployment rate,Estimate,Seasonally adjusted
2011-11,"Vancouver, British Columbia",2016S050359933,Persons,249,thousands,3,v1235049783,3.4.1.1,99,NA,NA,NA,1,59933,3,NA,1.2.4,NA,1,NA,1,99000,2011-11-01,Unemployment,Estimate,Seasonally adjusted
2011-11,"Vancouver, British Columbia",2016S050359933,Percentage,242,units,0,v1235049788,3.5.1.1,7.4,NA,NA,NA,1,59933,3,NA,5,NA,1,NA,1,0.07400000000000001,2011-11-01,Unemployment rate,Estimate,Seasonally adjusted
2011-12,"Vancouver, British Columbia",2016S050359933,Persons,249,thousands,3,v1235049783,3.4.1.1,96.1,NA,NA,NA,1,59933,3,NA,1.2.4,NA,1,NA,1,96100,2011-12-01,Unemployment,Estimate,Seasonally adjusted
2011-12,"Vancouver, British Columbia",2016S050359933,Percentage,242,units,0,v1235049788,3.5.1.1,7.2,NA,NA,NA,1,59933,3,NA,5,NA,1,NA,1,0.07200000000000001,2011-12-01,Unemployment rate,Estimate,Seasonally adjusted
2012-01,"Vancouver, British Columbia",2016S050359933,Persons,249,thousands,3,v1235049783,3.4.1.1,90.7,NA,NA,NA,1,59933,3,NA,1.2.4,NA,1,NA,1,90700,2012-01-01,Unemployment,Estimate,Seasonally adjusted
2012-01,"Vancouver, British Columbia",2016S050359933,Percentage,242,units,0,v1235049788,3.5.1.1,6.8,NA,NA,NA,1,59933,3,NA,5,NA,1,NA,1,0.068,2012-01-01,Unemployment rate,Estimate,Seasonally adjusted
2012-02,"Vancouver, British Columbia",2016S050359933,Persons,249,thousands,3,v1235049783,3.4.1.1,86.9,NA,NA,NA,1,59933,3,NA,1.2.4,NA,1,NA,1,86900,2012-02-01,Unemployment,Estimate,Seasonally adjusted
2012-02,"Vancouver, British Columbia",2016S050359933,Percentage,242,units,0,v1235049788,3.5.1.1,6.5,NA,NA,NA,1,59933,3,NA,5,NA,1,NA,1,0.065,2012-02-01,Unemployment rate,Estimate,Seasonally adjusted
2012-03,"Vancouver, British Columbia",2016S050359933,Persons,249,thousands,3,v1235049783,3.4.1.1,86.7,NA,NA,NA,1,59933,3,NA,1.2.4,NA,1,NA,1,86700,2012-03-01,Unemployment,Estimate,Seasonally adjusted
2012-03,"Vancouver, British Columbia",2016S050359933,Percentage,242,units,0,v1235049788,3.5.1.1,6.5,NA,NA,NA,1,59933,3,NA,5,NA,1,NA,1,0.065,2012-03-01,Unemployment rate,Estimate,Seasonally adjusted
2012-04,"Vancouver, British Columbia",2016S050359933,Persons,249,thousands,3,v1235049783,3.4.1.1,80.2,NA,NA,NA,1,59933,3,NA,1.2.4,NA,1,NA,1,80200,2012-04-01,Unemployment,Estimate,Seasonally adjusted
2012-04,"Vancouver, British Columbia",2016S050359933,Percentage,242,units,0,v1235049788,3.5.1.1,6,NA,NA,NA,1,59933,3,NA,5,NA,1,NA,1,0.06,2012-04-01,Unemployment rate,Estimate,Seasonally adjusted
2012-05,"Vancouver, British Columbia",2016S050359933,Persons,249,thousands,3,v1235049783,3.4.1.1,99.2,NA,NA,NA,1,59933,3,NA,1.2.4,NA,1,NA,1,99200,2012-05-01,Unemployment,Estimate,Seasonally adjusted
2012-05,"Vancouver, British Columbia",2016S050359933,Percentage,242,units,0,v1235049788,3.5.1.1,7.3,NA,NA,NA,1,59933,3,NA,5,NA,1,NA,1,0.073,2012-05-01,Unemployment rate,Estimate,Seasonally adjusted
2012-06,"Vancouver, British Columbia",2016S050359933,Persons,249,thousands,3,v1235049783,3.4.1.1,93.3,NA,NA,NA,1,59933,3,NA,1.2.4,NA,1,NA,1,93300,2012-06-01,Unemployment,Estimate,Seasonally adjusted
2012-06,"Vancouver, British Columbia",2016S050359933,Percentage,242,units,0,v1235049788,3.5.1.1,6.9,NA,NA,NA,1,59933,3,NA,5,NA,1,NA,1,0.069,2012-06-01,Unemployment rate,Estimate,Seasonally adjusted
2012-07,"Vancouver, British Columbia",2016S050359933,Persons,249,thousands,3,v1235049783,3.4.1.1,94.7,NA,NA,NA,1,59933,3,NA,1.2.4,NA,1,NA,1,94700,2012-07-01,Unemployment,Estimate,Seasonally adjusted
2012-07,"Vancouver, British Columbia",2016S050359933,Percentage,242,units,0,v1235049788,3.5.1.1,7,NA,NA,NA,1,59933,3,NA,5,NA,1,NA,1,0.07,2012-07-01,Unemployment rate,Estimate,Seasonally adjusted
2012-08,"Vancouver, British Columbia",2016S050359933,Persons,249,thousands,3,v1235049783,3.4.1.1,92.8,NA,NA,NA,1,59933,3,NA,1.2.4,NA,1,NA,1,92800,2012-08-01,Unemployment,Estimate,Seasonally adjusted
2012-08,"Vancouver, British Columbia",2016S050359933,Percentage,242,units,0,v1235049788,3.5.1.1,6.9,NA,NA,NA,1,59933,3,NA,5,NA,1,NA,1,0.069,2012-08-01,Unemployment rate,Estimate,Seasonally adjusted
2012-09,"Vancouver, British Columbia",2016S050359933,Persons,249,thousands,3,v1235049783,3.4.1.1,98.3,NA,NA,NA,1,59933,3,NA,1.2.4,NA,1,NA,1,98300,2012-09-01,Unemployment,Estimate,Seasonally adjusted
2012-09,"Vancouver, British Columbia",2016S050359933,Percentage,242,units,0,v1235049788,3.5.1.1,7.3,NA,NA,NA,1,59933,3,NA,5,NA,1,NA,1,0.073,2012-09-01,Unemployment rate,Estimate,Seasonally adjusted
2012-10,"Vancouver, British Columbia",2016S050359933,Persons,249,thousands,3,v1235049783,3.4.1.1,97.1,NA,NA,NA,1,59933,3,NA,1.2.4,NA,1,NA,1,97100,2012-10-01,Unemployment,Estimate,Seasonally adjusted
2012-10,"Vancouver, British Columbia",2016S050359933,Percentage,242,units,0,v1235049788,3.5.1.1,7.2,NA,NA,NA,1,59933,3,NA,5,NA,1,NA,1,0.07200000000000001,2012-10-01,Unemployment rate,Estimate,Seasonally adjusted
2012-11,"Vancouver, British Columbia",2016S050359933,Persons,249,thousands,3,v1235049783,3.4.1.1,98.2,NA,NA,NA,1,59933,3,NA,1.2.4,NA,1,NA,1,98200,2012-11-01,Unemployment,Estimate,Seasonally adjusted
2012-11,"Vancouver, British Columbia",2016S050359933,Percentage,242,units,0,v1235049788,3.5.1.1,7.3,NA,NA,NA,1,59933,3,NA,5,NA,1,NA,1,0.073,2012-11-01,Unemployment rate,Estimate,Seasonally adjusted
2012-12,"Vancouver, British Columbia",2016S050359933,Persons,249,thousands,3,v1235049783,3.4.1.1,89.1,NA,NA,NA,1,59933,3,NA,1.2.4,NA,1,NA,1,89100,2012-12-01,Unemployment,Estimate,Seasonally adjusted
2012-12,"Vancouver, British Columbia",2016S050359933,Percentage,242,units,0,v1235049788,3.5.1.1,6.7,NA,NA,NA,1,59933,3,NA,5,NA,1,NA,1,0.067,2012-12-01,Unemployment rate,Estimate,Seasonally adjusted
2013-01,"Vancouver, British Columbia",2016S050359933,Persons,249,thousands,3,v1235049783,3.4.1.1,94.4,NA,NA,NA,1,59933,3,NA,1.2.4,NA,1,NA,1,94400,2013-01-01,Unemployment,Estimate,Seasonally adjusted
2013-01,"Vancouver, British Columbia",2016S050359933,Percentage,242,units,0,v1235049788,3.5.1.1,7.1,NA,NA,NA,1,59933,3,NA,5,NA,1,NA,1,0.071,2013-01-01,Unemployment rate,Estimate,Seasonally adjusted
2013-02,"Vancouver, British Columbia",2016S050359933,Persons,249,thousands,3,v1235049783,3.4.1.1,85,NA,NA,NA,1,59933,3,NA,1.2.4,NA,1,NA,1,85000,2013-02-01,Unemployment,Estimate,Seasonally adjusted
2013-02,"Vancouver, British Columbia",2016S050359933,Percentage,242,units,0,v1235049788,3.5.1.1,6.3,NA,NA,NA,1,59933,3,NA,5,NA,1,NA,1,0.063,2013-02-01,Unemployment rate,Estimate,Seasonally adjusted
2013-03,"Vancouver, British Columbia",2016S050359933,Persons,249,thousands,3,v1235049783,3.4.1.1,97.5,NA,NA,NA,1,59933,3,NA,1.2.4,NA,1,NA,1,97500,2013-03-01,Unemployment,Estimate,Seasonally adjusted
2013-03,"Vancouver, British Columbia",2016S050359933,Percentage,242,units,0,v1235049788,3.5.1.1,7.2,NA,NA,NA,1,59933,3,NA,5,NA,1,NA,1,0.07200000000000001,2013-03-01,Unemployment rate,Estimate,Seasonally adjusted
2013-04,"Vancouver, British Columbia",2016S050359933,Persons,249,thousands,3,v1235049783,3.4.1.1,93,NA,NA,NA,1,59933,3,NA,1.2.4,NA,1,NA,1,93000,2013-04-01,Unemployment,Estimate,Seasonally adjusted
2013-04,"Vancouver, British Columbia",2016S050359933,Percentage,242,units,0,v1235049788,3.5.1.1,6.9,NA,NA,NA,1,59933,3,NA,5,NA,1,NA,1,0.069,2013-04-01,Unemployment rate,Estimate,Seasonally adjusted
2013-05,"Vancouver, British Columbia",2016S050359933,Persons,249,thousands,3,v1235049783,3.4.1.1,79.9,NA,NA,NA,1,59933,3,NA,1.2.4,NA,1,NA,1,79900,2013-05-01,Unemployment,Estimate,Seasonally adjusted
2013-05,"Vancouver, British Columbia",2016S050359933,Percentage,242,units,0,v1235049788,3.5.1.1,6,NA,NA,NA,1,59933,3,NA,5,NA,1,NA,1,0.06,2013-05-01,Unemployment rate,Estimate,Seasonally adjusted
2013-06,"Vancouver, British Columbia",2016S050359933,Persons,249,thousands,3,v1235049783,3.4.1.1,88.6,NA,NA,NA,1,59933,3,NA,1.2.4,NA,1,NA,1,88600,2013-06-01,Unemployment,Estimate,Seasonally adjusted
2013-06,"Vancouver, British Columbia",2016S050359933,Percentage,242,units,0,v1235049788,3.5.1.1,6.6,NA,NA,NA,1,59933,3,NA,5,NA,1,NA,1,0.066,2013-06-01,Unemployment rate,Estimate,Seasonally adjusted
2013-07,"Vancouver, British Columbia",2016S050359933,Persons,249,thousands,3,v1235049783,3.4.1.1,95.6,NA,NA,NA,1,59933,3,NA,1.2.4,NA,1,NA,1,95600,2013-07-01,Unemployment,Estimate,Seasonally adjusted
2013-07,"Vancouver, British Columbia",2016S050359933,Percentage,242,units,0,v1235049788,3.5.1.1,7.1,NA,NA,NA,1,59933,3,NA,5,NA,1,NA,1,0.071,2013-07-01,Unemployment rate,Estimate,Seasonally adjusted
2013-08,"Vancouver, British Columbia",2016S050359933,Persons,249,thousands,3,v1235049783,3.4.1.1,92.3,NA,NA,NA,1,59933,3,NA,1.2.4,NA,1,NA,1,92300,2013-08-01,Unemployment,Estimate,Seasonally adjusted
2013-08,"Vancouver, British Columbia",2016S050359933,Percentage,242,units,0,v1235049788,3.5.1.1,6.8,NA,NA,NA,1,59933,3,NA,5,NA,1,NA,1,0.068,2013-08-01,Unemployment rate,Estimate,Seasonally adjusted
2013-09,"Vancouver, British Columbia",2016S050359933,Persons,249,thousands,3,v1235049783,3.4.1.1,86,NA,NA,NA,1,59933,3,NA,1.2.4,NA,1,NA,1,86000,2013-09-01,Unemployment,Estimate,Seasonally adjusted
2013-09,"Vancouver, British Columbia",2016S050359933,Percentage,242,units,0,v1235049788,3.5.1.1,6.4,NA,NA,NA,1,59933,3,NA,5,NA,1,NA,1,0.064,2013-09-01,Unemployment rate,Estimate,Seasonally adjusted
2013-10,"Vancouver, British Columbia",2016S050359933,Persons,249,thousands,3,v1235049783,3.4.1.1,81.9,NA,NA,NA,1,59933,3,NA,1.2.4,NA,1,NA,1,81900,2013-10-01,Unemployment,Estimate,Seasonally adjusted
2013-10,"Vancouver, British Columbia",2016S050359933,Percentage,242,units,0,v1235049788,3.5.1.1,6.2,NA,NA,NA,1,59933,3,NA,5,NA,1,NA,1,0.062,2013-10-01,Unemployment rate,Estimate,Seasonally adjusted
2013-11,"Vancouver, British Columbia",2016S050359933,Persons,249,thousands,3,v1235049783,3.4.1.1,88.1,NA,NA,NA,1,59933,3,NA,1.2.4,NA,1,NA,1,88100,2013-11-01,Unemployment,Estimate,Seasonally adjusted
2013-11,"Vancouver, British Columbia",2016S050359933,Percentage,242,units,0,v1235049788,3.5.1.1,6.5,NA,NA,NA,1,59933,3,NA,5,NA,1,NA,1,0.065,2013-11-01,Unemployment rate,Estimate,Seasonally adjusted
2013-12,"Vancouver, British Columbia",2016S050359933,Persons,249,thousands,3,v1235049783,3.4.1.1,88,NA,NA,NA,1,59933,3,NA,1.2.4,NA,1,NA,1,88000,2013-12-01,Unemployment,Estimate,Seasonally adjusted
2013-12,"Vancouver, British Columbia",2016S050359933,Percentage,242,units,0,v1235049788,3.5.1.1,6.4,NA,NA,NA,1,59933,3,NA,5,NA,1,NA,1,0.064,2013-12-01,Unemployment rate,Estimate,Seasonally adjusted
2014-01,"Vancouver, British Columbia",2016S050359933,Persons,249,thousands,3,v1235049783,3.4.1.1,80.5,NA,NA,NA,1,59933,3,NA,1.2.4,NA,1,NA,1,80500,2014-01-01,Unemployment,Estimate,Seasonally adjusted
2014-01,"Vancouver, British Columbia",2016S050359933,Percentage,242,units,0,v1235049788,3.5.1.1,5.9,NA,NA,NA,1,59933,3,NA,5,NA,1,NA,1,0.059000000000000004,2014-01-01,Unemployment rate,Estimate,Seasonally adjusted
2014-02,"Vancouver, British Columbia",2016S050359933,Persons,249,thousands,3,v1235049783,3.4.1.1,84.6,NA,NA,NA,1,59933,3,NA,1.2.4,NA,1,NA,1,84600,2014-02-01,Unemployment,Estimate,Seasonally adjusted
2014-02,"Vancouver, British Columbia",2016S050359933,Percentage,242,units,0,v1235049788,3.5.1.1,6.2,NA,NA,NA,1,59933,3,NA,5,NA,1,NA,1,0.062,2014-02-01,Unemployment rate,Estimate,Seasonally adjusted
2014-03,"Vancouver, British Columbia",2016S050359933,Persons,249,thousands,3,v1235049783,3.4.1.1,75,NA,NA,NA,1,59933,3,NA,1.2.4,NA,1,NA,1,75000,2014-03-01,Unemployment,Estimate,Seasonally adjusted
2014-03,"Vancouver, British Columbia",2016S050359933,Percentage,242,units,0,v1235049788,3.5.1.1,5.5,NA,NA,NA,1,59933,3,NA,5,NA,1,NA,1,0.055,2014-03-01,Unemployment rate,Estimate,Seasonally adjusted
2014-04,"Vancouver, British Columbia",2016S050359933,Persons,249,thousands,3,v1235049783,3.4.1.1,77.3,NA,NA,NA,1,59933,3,NA,1.2.4,NA,1,NA,1,77300,2014-04-01,Unemployment,Estimate,Seasonally adjusted
2014-04,"Vancouver, British Columbia",2016S050359933,Percentage,242,units,0,v1235049788,3.5.1.1,5.6,NA,NA,NA,1,59933,3,NA,5,NA,1,NA,1,0.055999999999999994,2014-04-01,Unemployment rate,Estimate,Seasonally adjusted
2014-05,"Vancouver, British Columbia",2016S050359933,Persons,249,thousands,3,v1235049783,3.4.1.1,82,NA,NA,NA,1,59933,3,NA,1.2.4,NA,1,NA,1,82000,2014-05-01,Unemployment,Estimate,Seasonally adjusted
2014-05,"Vancouver, British Columbia",2016S050359933,Percentage,242,units,0,v1235049788,3.5.1.1,6,NA,NA,NA,1,59933,3,NA,5,NA,1,NA,1,0.06,2014-05-01,Unemployment rate,Estimate,Seasonally adjusted
2014-06,"Vancouver, British Columbia",2016S050359933,Persons,249,thousands,3,v1235049783,3.4.1.1,80.3,NA,NA,NA,1,59933,3,NA,1.2.4,NA,1,NA,1,80300,2014-06-01,Unemployment,Estimate,Seasonally adjusted
2014-06,"Vancouver, British Columbia",2016S050359933,Percentage,242,units,0,v1235049788,3.5.1.1,5.8,NA,NA,NA,1,59933,3,NA,5,NA,1,NA,1,0.057999999999999996,2014-06-01,Unemployment rate,Estimate,Seasonally adjusted
2014-07,"Vancouver, British Columbia",2016S050359933,Persons,249,thousands,3,v1235049783,3.4.1.1,77.9,NA,NA,NA,1,59933,3,NA,1.2.4,NA,1,NA,1,77900,2014-07-01,Unemployment,Estimate,Seasonally adjusted
2014-07,"Vancouver, British Columbia",2016S050359933,Percentage,242,units,0,v1235049788,3.5.1.1,5.6,NA,NA,NA,1,59933,3,NA,5,NA,1,NA,1,0.055999999999999994,2014-07-01,Unemployment rate,Estimate,Seasonally adjusted
2014-08,"Vancouver, British Columbia",2016S050359933,Persons,249,thousands,3,v1235049783,3.4.1.1,85.4,NA,NA,NA,1,59933,3,NA,1.2.4,NA,1,NA,1,85400,2014-08-01,Unemployment,Estimate,Seasonally adjusted
2014-08,"Vancouver, British Columbia",2016S050359933,Percentage,242,units,0,v1235049788,3.5.1.1,6.2,NA,NA,NA,1,59933,3,NA,5,NA,1,NA,1,0.062,2014-08-01,Unemployment rate,Estimate,Seasonally adjusted
2014-09,"Vancouver, British Columbia",2016S050359933,Persons,249,thousands,3,v1235049783,3.4.1.1,87.5,NA,NA,NA,1,59933,3,NA,1.2.4,NA,1,NA,1,87500,2014-09-01,Unemployment,Estimate,Seasonally adjusted
2014-09,"Vancouver, British Columbia",2016S050359933,Percentage,242,units,0,v1235049788,3.5.1.1,6.3,NA,NA,NA,1,59933,3,NA,5,NA,1,NA,1,0.063,2014-09-01,Unemployment rate,Estimate,Seasonally adjusted
2014-10,"Vancouver, British Columbia",2016S050359933,Persons,249,thousands,3,v1235049783,3.4.1.1,87.4,NA,NA,NA,1,59933,3,NA,1.2.4,NA,1,NA,1,87400,2014-10-01,Unemployment,Estimate,Seasonally adjusted
2014-10,"Vancouver, British Columbia",2016S050359933,Percentage,242,units,0,v1235049788,3.5.1.1,6.3,NA,NA,NA,1,59933,3,NA,5,NA,1,NA,1,0.063,2014-10-01,Unemployment rate,Estimate,Seasonally adjusted
2014-11,"Vancouver, British Columbia",2016S050359933,Persons,249,thousands,3,v1235049783,3.4.1.1,82.3,NA,NA,NA,1,59933,3,NA,1.2.4,NA,1,NA,1,82300,2014-11-01,Unemployment,Estimate,Seasonally adjusted
2014-11,"Vancouver, British Columbia",2016S050359933,Percentage,242,units,0,v1235049788,3.5.1.1,5.9,NA,NA,NA,1,59933,3,NA,5,NA,1,NA,1,0.059000000000000004,2014-11-01,Unemployment rate,Estimate,Seasonally adjusted
2014-12,"Vancouver, British Columbia",2016S050359933,Persons,249,thousands,3,v1235049783,3.4.1.1,80.4,NA,NA,NA,1,59933,3,NA,1.2.4,NA,1,NA,1,80400,2014-12-01,Unemployment,Estimate,Seasonally adjusted
2014-12,"Vancouver, British Columbia",2016S050359933,Percentage,242,units,0,v1235049788,3.5.1.1,5.8,NA,NA,NA,1,59933,3,NA,5,NA,1,NA,1,0.057999999999999996,2014-12-01,Unemployment rate,Estimate,Seasonally adjusted
2015-01,"Vancouver, British Columbia",2016S050359933,Persons,249,thousands,3,v1235049783,3.4.1.1,84.4,NA,NA,NA,1,59933,3,NA,1.2.4,NA,1,NA,1,84400,2015-01-01,Unemployment,Estimate,Seasonally adjusted
2015-01,"Vancouver, British Columbia",2016S050359933,Percentage,242,units,0,v1235049788,3.5.1.1,6.1,NA,NA,NA,1,59933,3,NA,5,NA,1,NA,1,0.061,2015-01-01,Unemployment rate,Estimate,Seasonally adjusted
2015-02,"Vancouver, British Columbia",2016S050359933,Persons,249,thousands,3,v1235049783,3.4.1.1,82.2,NA,NA,NA,1,59933,3,NA,1.2.4,NA,1,NA,1,82200,2015-02-01,Unemployment,Estimate,Seasonally adjusted
2015-02,"Vancouver, British Columbia",2016S050359933,Percentage,242,units,0,v1235049788,3.5.1.1,5.9,NA,NA,NA,1,59933,3,NA,5,NA,1,NA,1,0.059000000000000004,2015-02-01,Unemployment rate,Estimate,Seasonally adjusted
2015-03,"Vancouver, British Columbia",2016S050359933,Persons,249,thousands,3,v1235049783,3.4.1.1,78.5,NA,NA,NA,1,59933,3,NA,1.2.4,NA,1,NA,1,78500,2015-03-01,Unemployment,Estimate,Seasonally adjusted
2015-03,"Vancouver, British Columbia",2016S050359933,Percentage,242,units,0,v1235049788,3.5.1.1,5.7,NA,NA,NA,1,59933,3,NA,5,NA,1,NA,1,0.057,2015-03-01,Unemployment rate,Estimate,Seasonally adjusted
2015-04,"Vancouver, British Columbia",2016S050359933,Persons,249,thousands,3,v1235049783,3.4.1.1,86.8,NA,NA,NA,1,59933,3,NA,1.2.4,NA,1,NA,1,86800,2015-04-01,Unemployment,Estimate,Seasonally adjusted
2015-04,"Vancouver, British Columbia",2016S050359933,Percentage,242,units,0,v1235049788,3.5.1.1,6.3,NA,NA,NA,1,59933,3,NA,5,NA,1,NA,1,0.063,2015-04-01,Unemployment rate,Estimate,Seasonally adjusted
2015-05,"Vancouver, British Columbia",2016S050359933,Persons,249,thousands,3,v1235049783,3.4.1.1,88.4,NA,NA,NA,1,59933,3,NA,1.2.4,NA,1,NA,1,88400,2015-05-01,Unemployment,Estimate,Seasonally adjusted
2015-05,"Vancouver, British Columbia",2016S050359933,Percentage,242,units,0,v1235049788,3.5.1.1,6.3,NA,NA,NA,1,59933,3,NA,5,NA,1,NA,1,0.063,2015-05-01,Unemployment rate,Estimate,Seasonally adjusted
2015-06,"Vancouver, British Columbia",2016S050359933,Persons,249,thousands,3,v1235049783,3.4.1.1,80.4,NA,NA,NA,1,59933,3,NA,1.2.4,NA,1,NA,1,80400,2015-06-01,Unemployment,Estimate,Seasonally adjusted
2015-06,"Vancouver, British Columbia",2016S050359933,Percentage,242,units,0,v1235049788,3.5.1.1,5.8,NA,NA,NA,1,59933,3,NA,5,NA,1,NA,1,0.057999999999999996,2015-06-01,Unemployment rate,Estimate,Seasonally adjusted
2015-07,"Vancouver, British Columbia",2016S050359933,Persons,249,thousands,3,v1235049783,3.4.1.1,78.3,NA,NA,NA,1,59933,3,NA,1.2.4,NA,1,NA,1,78300,2015-07-01,Unemployment,Estimate,Seasonally adjusted
2015-07,"Vancouver, British Columbia",2016S050359933,Percentage,242,units,0,v1235049788,3.5.1.1,5.7,NA,NA,NA,1,59933,3,NA,5,NA,1,NA,1,0.057,2015-07-01,Unemployment rate,Estimate,Seasonally adjusted
2015-08,"Vancouver, British Columbia",2016S050359933,Persons,249,thousands,3,v1235049783,3.4.1.1,82.1,NA,NA,NA,1,59933,3,NA,1.2.4,NA,1,NA,1,82100,2015-08-01,Unemployment,Estimate,Seasonally adjusted
2015-08,"Vancouver, British Columbia",2016S050359933,Percentage,242,units,0,v1235049788,3.5.1.1,5.8,NA,NA,NA,1,59933,3,NA,5,NA,1,NA,1,0.057999999999999996,2015-08-01,Unemployment rate,Estimate,Seasonally adjusted
2015-09,"Vancouver, British Columbia",2016S050359933,Persons,249,thousands,3,v1235049783,3.4.1.1,88.6,NA,NA,NA,1,59933,3,NA,1.2.4,NA,1,NA,1,88600,2015-09-01,Unemployment,Estimate,Seasonally adjusted
2015-09,"Vancouver, British Columbia",2016S050359933,Percentage,242,units,0,v1235049788,3.5.1.1,6.2,NA,NA,NA,1,59933,3,NA,5,NA,1,NA,1,0.062,2015-09-01,Unemployment rate,Estimate,Seasonally adjusted
2015-10,"Vancouver, British Columbia",2016S050359933,Persons,249,thousands,3,v1235049783,3.4.1.1,84.6,NA,NA,NA,1,59933,3,NA,1.2.4,NA,1,NA,1,84600,2015-10-01,Unemployment,Estimate,Seasonally adjusted
2015-10,"Vancouver, British Columbia",2016S050359933,Percentage,242,units,0,v1235049788,3.5.1.1,5.9,NA,NA,NA,1,59933,3,NA,5,NA,1,NA,1,0.059000000000000004,2015-10-01,Unemployment rate,Estimate,Seasonally adjusted
2015-11,"Vancouver, British Columbia",2016S050359933,Persons,249,thousands,3,v1235049783,3.4.1.1,75.1,NA,NA,NA,1,59933,3,NA,1.2.4,NA,1,NA,1,75100,2015-11-01,Unemployment,Estimate,Seasonally adjusted
2015-11,"Vancouver, British Columbia",2016S050359933,Percentage,242,units,0,v1235049788,3.5.1.1,5.2,NA,NA,NA,1,59933,3,NA,5,NA,1,NA,1,0.052000000000000005,2015-11-01,Unemployment rate,Estimate,Seasonally adjusted
2015-12,"Vancouver, British Columbia",2016S050359933,Persons,249,thousands,3,v1235049783,3.4.1.1,87.7,NA,NA,NA,1,59933,3,NA,1.2.4,NA,1,NA,1,87700,2015-12-01,Unemployment,Estimate,Seasonally adjusted
2015-12,"Vancouver, British Columbia",2016S050359933,Percentage,242,units,0,v1235049788,3.5.1.1,6.1,NA,NA,NA,1,59933,3,NA,5,NA,1,NA,1,0.061,2015-12-01,Unemployment rate,Estimate,Seasonally adjusted
2016-01,"Vancouver, British Columbia",2016S050359933,Persons,249,thousands,3,v1235049783,3.4.1.1,84.8,NA,NA,NA,1,59933,3,NA,1.2.4,NA,1,NA,1,84800,2016-01-01,Unemployment,Estimate,Seasonally adjusted
2016-01,"Vancouver, British Columbia",2016S050359933,Percentage,242,units,0,v1235049788,3.5.1.1,5.9,NA,NA,NA,1,59933,3,NA,5,NA,1,NA,1,0.059000000000000004,2016-01-01,Unemployment rate,Estimate,Seasonally adjusted
2016-02,"Vancouver, British Columbia",2016S050359933,Persons,249,thousands,3,v1235049783,3.4.1.1,95.1,NA,NA,NA,1,59933,3,NA,1.2.4,NA,1,NA,1,95100,2016-02-01,Unemployment,Estimate,Seasonally adjusted
2016-02,"Vancouver, British Columbia",2016S050359933,Percentage,242,units,0,v1235049788,3.5.1.1,6.5,NA,NA,NA,1,59933,3,NA,5,NA,1,NA,1,0.065,2016-02-01,Unemployment rate,Estimate,Seasonally adjusted
2016-03,"Vancouver, British Columbia",2016S050359933,Persons,249,thousands,3,v1235049783,3.4.1.1,92.1,NA,NA,NA,1,59933,3,NA,1.2.4,NA,1,NA,1,92100,2016-03-01,Unemployment,Estimate,Seasonally adjusted
2016-03,"Vancouver, British Columbia",2016S050359933,Percentage,242,units,0,v1235049788,3.5.1.1,6.3,NA,NA,NA,1,59933,3,NA,5,NA,1,NA,1,0.063,2016-03-01,Unemployment rate,Estimate,Seasonally adjusted
2016-04,"Vancouver, British Columbia",2016S050359933,Persons,249,thousands,3,v1235049783,3.4.1.1,73.6,NA,NA,NA,1,59933,3,NA,1.2.4,NA,1,NA,1,73600,2016-04-01,Unemployment,Estimate,Seasonally adjusted
2016-04,"Vancouver, British Columbia",2016S050359933,Percentage,242,units,0,v1235049788,3.5.1.1,5.1,NA,NA,NA,1,59933,3,NA,5,NA,1,NA,1,0.051,2016-04-01,Unemployment rate,Estimate,Seasonally adjusted
2016-05,"Vancouver, British Columbia",2016S050359933,Persons,249,thousands,3,v1235049783,3.4.1.1,77.1,NA,NA,NA,1,59933,3,NA,1.2.4,NA,1,NA,1,77100,2016-05-01,Unemployment,Estimate,Seasonally adjusted
2016-05,"Vancouver, British Columbia",2016S050359933,Percentage,242,units,0,v1235049788,3.5.1.1,5.3,NA,NA,NA,1,59933,3,NA,5,NA,1,NA,1,0.053,2016-05-01,Unemployment rate,Estimate,Seasonally adjusted
2016-06,"Vancouver, British Columbia",2016S050359933,Persons,249,thousands,3,v1235049783,3.4.1.1,81.9,NA,NA,NA,1,59933,3,NA,1.2.4,NA,1,NA,1,81900,2016-06-01,Unemployment,Estimate,Seasonally adjusted
2016-06,"Vancouver, British Columbia",2016S050359933,Percentage,242,units,0,v1235049788,3.5.1.1,5.6,NA,NA,NA,1,59933,3,NA,5,NA,1,NA,1,0.055999999999999994,2016-06-01,Unemployment rate,Estimate,Seasonally adjusted
2016-07,"Vancouver, British Columbia",2016S050359933,Persons,249,thousands,3,v1235049783,3.4.1.1,76,NA,NA,NA,1,59933,3,NA,1.2.4,NA,1,NA,1,76000,2016-07-01,Unemployment,Estimate,Seasonally adjusted
2016-07,"Vancouver, British Columbia",2016S050359933,Percentage,242,units,0,v1235049788,3.5.1.1,5.1,NA,NA,NA,1,59933,3,NA,5,NA,1,NA,1,0.051,2016-07-01,Unemployment rate,Estimate,Seasonally adjusted
2016-08,"Vancouver, British Columbia",2016S050359933,Persons,249,thousands,3,v1235049783,3.4.1.1,71,NA,NA,NA,1,59933,3,NA,1.2.4,NA,1,NA,1,71000,2016-08-01,Unemployment,Estimate,Seasonally adjusted
2016-08,"Vancouver, British Columbia",2016S050359933,Percentage,242,units,0,v1235049788,3.5.1.1,4.8,NA,NA,NA,1,59933,3,NA,5,NA,1,NA,1,0.048,2016-08-01,Unemployment rate,Estimate,Seasonally adjusted
2016-09,"Vancouver, British Columbia",2016S050359933,Persons,249,thousands,3,v1235049783,3.4.1.1,74.3,NA,NA,NA,1,59933,3,NA,1.2.4,NA,1,NA,1,74300,2016-09-01,Unemployment,Estimate,Seasonally adjusted
2016-09,"Vancouver, British Columbia",2016S050359933,Percentage,242,units,0,v1235049788,3.5.1.1,5.1,NA,NA,NA,1,59933,3,NA,5,NA,1,NA,1,0.051,2016-09-01,Unemployment rate,Estimate,Seasonally adjusted
2016-10,"Vancouver, British Columbia",2016S050359933,Persons,249,thousands,3,v1235049783,3.4.1.1,78.9,NA,NA,NA,1,59933,3,NA,1.2.4,NA,1,NA,1,78900,2016-10-01,Unemployment,Estimate,Seasonally adjusted
2016-10,"Vancouver, British Columbia",2016S050359933,Percentage,242,units,0,v1235049788,3.5.1.1,5.4,NA,NA,NA,1,59933,3,NA,5,NA,1,NA,1,0.054000000000000006,2016-10-01,Unemployment rate,Estimate,Seasonally adjusted
2016-11,"Vancouver, British Columbia",2016S050359933,Persons,249,thousands,3,v1235049783,3.4.1.1,77.1,NA,NA,NA,1,59933,3,NA,1.2.4,NA,1,NA,1,77100,2016-11-01,Unemployment,Estimate,Seasonally adjusted
2016-11,"Vancouver, British Columbia",2016S050359933,Percentage,242,units,0,v1235049788,3.5.1.1,5.3,NA,NA,NA,1,59933,3,NA,5,NA,1,NA,1,0.053,2016-11-01,Unemployment rate,Estimate,Seasonally adjusted
2016-12,"Vancouver, British Columbia",2016S050359933,Persons,249,thousands,3,v1235049783,3.4.1.1,72,NA,NA,NA,1,59933,3,NA,1.2.4,NA,1,NA,1,72000,2016-12-01,Unemployment,Estimate,Seasonally adjusted
2016-12,"Vancouver, British Columbia",2016S050359933,Percentage,242,units,0,v1235049788,3.5.1.1,5,NA,NA,NA,1,59933,3,NA,5,NA,1,NA,1,0.05,2016-12-01,Unemployment rate,Estimate,Seasonally adjusted
2017-01,"Vancouver, British Columbia",2016S050359933,Persons,249,thousands,3,v1235049783,3.4.1.1,69.3,NA,NA,NA,1,59933,3,NA,1.2.4,NA,1,NA,1,69300,2017-01-01,Unemployment,Estimate,Seasonally adjusted
2017-01,"Vancouver, British Columbia",2016S050359933,Percentage,242,units,0,v1235049788,3.5.1.1,4.8,NA,NA,NA,1,59933,3,NA,5,NA,1,NA,1,0.048,2017-01-01,Unemployment rate,Estimate,Seasonally adjusted
2017-02,"Vancouver, British Columbia",2016S050359933,Persons,249,thousands,3,v1235049783,3.4.1.1,65.4,NA,NA,NA,1,59933,3,NA,1.2.4,NA,1,NA,1,65400.00000000001,2017-02-01,Unemployment,Estimate,Seasonally adjusted
2017-02,"Vancouver, British Columbia",2016S050359933,Percentage,242,units,0,v1235049788,3.5.1.1,4.5,NA,NA,NA,1,59933,3,NA,5,NA,1,NA,1,0.045,2017-02-01,Unemployment rate,Estimate,Seasonally adjusted
2017-03,"Vancouver, British Columbia",2016S050359933,Persons,249,thousands,3,v1235049783,3.4.1.1,72.8,NA,NA,NA,1,59933,3,NA,1.2.4,NA,1,NA,1,72800,2017-03-01,Unemployment,Estimate,Seasonally adjusted
2017-03,"Vancouver, British Columbia",2016S050359933,Percentage,242,units,0,v1235049788,3.5.1.1,5,NA,NA,NA,1,59933,3,NA,5,NA,1,NA,1,0.05,2017-03-01,Unemployment rate,Estimate,Seasonally adjusted
2017-04,"Vancouver, British Columbia",2016S050359933,Persons,249,thousands,3,v1235049783,3.4.1.1,78.6,NA,NA,NA,1,59933,3,NA,1.2.4,NA,1,NA,1,78600,2017-04-01,Unemployment,Estimate,Seasonally adjusted
2017-04,"Vancouver, British Columbia",2016S050359933,Percentage,242,units,0,v1235049788,3.5.1.1,5.3,NA,NA,NA,1,59933,3,NA,5,NA,1,NA,1,0.053,2017-04-01,Unemployment rate,Estimate,Seasonally adjusted
2017-05,"Vancouver, British Columbia",2016S050359933,Persons,249,thousands,3,v1235049783,3.4.1.1,83.1,NA,NA,NA,1,59933,3,NA,1.2.4,NA,1,NA,1,83100,2017-05-01,Unemployment,Estimate,Seasonally adjusted
2017-05,"Vancouver, British Columbia",2016S050359933,Percentage,242,units,0,v1235049788,3.5.1.1,5.5,NA,NA,NA,1,59933,3,NA,5,NA,1,NA,1,0.055,2017-05-01,Unemployment rate,Estimate,Seasonally adjusted
2017-06,"Vancouver, British Columbia",2016S050359933,Persons,249,thousands,3,v1235049783,3.4.1.1,70.6,NA,NA,NA,1,59933,3,NA,1.2.4,NA,1,NA,1,70600,2017-06-01,Unemployment,Estimate,Seasonally adjusted
2017-06,"Vancouver, British Columbia",2016S050359933,Percentage,242,units,0,v1235049788,3.5.1.1,4.7,NA,NA,NA,1,59933,3,NA,5,NA,1,NA,1,0.047,2017-06-01,Unemployment rate,Estimate,Seasonally adjusted
2017-07,"Vancouver, British Columbia",2016S050359933,Persons,249,thousands,3,v1235049783,3.4.1.1,74.8,NA,NA,NA,1,59933,3,NA,1.2.4,NA,1,NA,1,74800,2017-07-01,Unemployment,Estimate,Seasonally adjusted
2017-07,"Vancouver, British Columbia",2016S050359933,Percentage,242,units,0,v1235049788,3.5.1.1,4.9,NA,NA,NA,1,59933,3,NA,5,NA,1,NA,1,0.049,2017-07-01,Unemployment rate,Estimate,Seasonally adjusted
2017-08,"Vancouver, British Columbia",2016S050359933,Persons,249,thousands,3,v1235049783,3.4.1.1,63.4,NA,NA,NA,1,59933,3,NA,1.2.4,NA,1,NA,1,63400,2017-08-01,Unemployment,Estimate,Seasonally adjusted
2017-08,"Vancouver, British Columbia",2016S050359933,Percentage,242,units,0,v1235049788,3.5.1.1,4.2,NA,NA,NA,1,59933,3,NA,5,NA,1,NA,1,0.042,2017-08-01,Unemployment rate,Estimate,Seasonally adjusted
2017-09,"Vancouver, British Columbia",2016S050359933,Persons,249,thousands,3,v1235049783,3.4.1.1,65.4,NA,NA,NA,1,59933,3,NA,1.2.4,NA,1,NA,1,65400.00000000001,2017-09-01,Unemployment,Estimate,Seasonally adjusted
2017-09,"Vancouver, British Columbia",2016S050359933,Percentage,242,units,0,v1235049788,3.5.1.1,4.4,NA,NA,NA,1,59933,3,NA,5,NA,1,NA,1,0.044000000000000004,2017-09-01,Unemployment rate,Estimate,Seasonally adjusted
2017-10,"Vancouver, British Columbia",2016S050359933,Persons,249,thousands,3,v1235049783,3.4.1.1,62,NA,NA,NA,1,59933,3,NA,1.2.4,NA,1,NA,1,62000,2017-10-01,Unemployment,Estimate,Seasonally adjusted
2017-10,"Vancouver, British Columbia",2016S050359933,Percentage,242,units,0,v1235049788,3.5.1.1,4.1,NA,NA,NA,1,59933,3,NA,5,NA,1,NA,1,0.040999999999999995,2017-10-01,Unemployment rate,Estimate,Seasonally adjusted
2017-11,"Vancouver, British Columbia",2016S050359933,Persons,249,thousands,3,v1235049783,3.4.1.1,66.9,NA,NA,NA,1,59933,3,NA,1.2.4,NA,1,NA,1,66900,2017-11-01,Unemployment,Estimate,Seasonally adjusted
2017-11,"Vancouver, British Columbia",2016S050359933,Percentage,242,units,0,v1235049788,3.5.1.1,4.4,NA,NA,NA,1,59933,3,NA,5,NA,1,NA,1,0.044000000000000004,2017-11-01,Unemployment rate,Estimate,Seasonally adjusted
2017-12,"Vancouver, British Columbia",2016S050359933,Persons,249,thousands,3,v1235049783,3.4.1.1,57.7,NA,NA,NA,1,59933,3,NA,1.2.4,NA,1,NA,1,57700,2017-12-01,Unemployment,Estimate,Seasonally adjusted
2017-12,"Vancouver, British Columbia",2016S050359933,Percentage,242,units,0,v1235049788,3.5.1.1,3.8,NA,NA,NA,1,59933,3,NA,5,NA,1,NA,1,0.038,2017-12-01,Unemployment rate,Estimate,Seasonally adjusted
2018-01,"Vancouver, British Columbia",2016S050359933,Persons,249,thousands,3,v1235049783,3.4.1.1,60.9,NA,NA,NA,1,59933,3,NA,1.2.4,NA,1,NA,1,60900,2018-01-01,Unemployment,Estimate,Seasonally adjusted
2018-01,"Vancouver, British Columbia",2016S050359933,Percentage,242,units,0,v1235049788,3.5.1.1,4,NA,NA,NA,1,59933,3,NA,5,NA,1,NA,1,0.04,2018-01-01,Unemployment rate,Estimate,Seasonally adjusted
2018-02,"Vancouver, British Columbia",2016S050359933,Persons,249,thousands,3,v1235049783,3.4.1.1,60.3,NA,NA,NA,1,59933,3,NA,1.2.4,NA,1,NA,1,60300,2018-02-01,Unemployment,Estimate,Seasonally adjusted
2018-02,"Vancouver, British Columbia",2016S050359933,Percentage,242,units,0,v1235049788,3.5.1.1,4,NA,NA,NA,1,59933,3,NA,5,NA,1,NA,1,0.04,2018-02-01,Unemployment rate,Estimate,Seasonally adjusted
2018-03,"Vancouver, British Columbia",2016S050359933,Persons,249,thousands,3,v1235049783,3.4.1.1,62.3,NA,NA,NA,1,59933,3,NA,1.2.4,NA,1,NA,1,62300,2018-03-01,Unemployment,Estimate,Seasonally adjusted
2018-03,"Vancouver, British Columbia",2016S050359933,Percentage,242,units,0,v1235049788,3.5.1.1,4.1,NA,NA,NA,1,59933,3,NA,5,NA,1,NA,1,0.040999999999999995,2018-03-01,Unemployment rate,Estimate,Seasonally adjusted
2018-04,"Vancouver, British Columbia",2016S050359933,Persons,249,thousands,3,v1235049783,3.4.1.1,69.6,NA,NA,NA,1,59933,3,NA,1.2.4,NA,1,NA,1,69600,2018-04-01,Unemployment,Estimate,Seasonally adjusted
2018-04,"Vancouver, British Columbia",2016S050359933,Percentage,242,units,0,v1235049788,3.5.1.1,4.6,NA,NA,NA,1,59933,3,NA,5,NA,1,NA,1,0.046,2018-04-01,Unemployment rate,Estimate,Seasonally adjusted
2018-05,"Vancouver, British Columbia",2016S050359933,Persons,249,thousands,3,v1235049783,3.4.1.1,61.7,NA,NA,NA,1,59933,3,NA,1.2.4,NA,1,NA,1,61700,2018-05-01,Unemployment,Estimate,Seasonally adjusted
2018-05,"Vancouver, British Columbia",2016S050359933,Percentage,242,units,0,v1235049788,3.5.1.1,4.2,NA,NA,NA,1,59933,3,NA,5,NA,1,NA,1,0.042,2018-05-01,Unemployment rate,Estimate,Seasonally adjusted
2018-06,"Vancouver, British Columbia",2016S050359933,Persons,249,thousands,3,v1235049783,3.4.1.1,71.2,NA,NA,NA,1,59933,3,NA,1.2.4,NA,1,NA,1,71200,2018-06-01,Unemployment,Estimate,Seasonally adjusted
2018-06,"Vancouver, British Columbia",2016S050359933,Percentage,242,units,0,v1235049788,3.5.1.1,4.8,NA,NA,NA,1,59933,3,NA,5,NA,1,NA,1,0.048,2018-06-01,Unemployment rate,Estimate,Seasonally adjusted
2018-07,"Vancouver, British Columbia",2016S050359933,Persons,249,thousands,3,v1235049783,3.4.1.1,72.8,NA,NA,NA,1,59933,3,NA,1.2.4,NA,1,NA,1,72800,2018-07-01,Unemployment,Estimate,Seasonally adjusted
2018-07,"Vancouver, British Columbia",2016S050359933,Percentage,242,units,0,v1235049788,3.5.1.1,4.9,NA,NA,NA,1,59933,3,NA,5,NA,1,NA,1,0.049,2018-07-01,Unemployment rate,Estimate,Seasonally adjusted
2018-08,"Vancouver, British Columbia",2016S050359933,Persons,249,thousands,3,v1235049783,3.4.1.1,68.8,NA,NA,NA,1,59933,3,NA,1.2.4,NA,1,NA,1,68800,2018-08-01,Unemployment,Estimate,Seasonally adjusted
2018-08,"Vancouver, British Columbia",2016S050359933,Percentage,242,units,0,v1235049788,3.5.1.1,4.5,NA,NA,NA,1,59933,3,NA,5,NA,1,NA,1,0.045,2018-08-01,Unemployment rate,Estimate,Seasonally adjusted
2018-09,"Vancouver, British Columbia",2016S050359933,Persons,249,thousands,3,v1235049783,3.4.1.1,60.9,NA,NA,NA,1,59933,3,NA,1.2.4,NA,1,NA,1,60900,2018-09-01,Unemployment,Estimate,Seasonally adjusted
2018-09,"Vancouver, British Columbia",2016S050359933,Percentage,242,units,0,v1235049788,3.5.1.1,3.9,NA,NA,NA,1,59933,3,NA,5,NA,1,NA,1,0.039,2018-09-01,Unemployment rate,Estimate,Seasonally adjusted
2018-10,"Vancouver, British Columbia",2016S050359933,Persons,249,thousands,3,v1235049783,3.4.1.1,66.7,NA,NA,NA,1,59933,3,NA,1.2.4,NA,1,NA,1,66700,2018-10-01,Unemployment,Estimate,Seasonally adjusted
2018-10,"Vancouver, British Columbia",2016S050359933,Percentage,242,units,0,v1235049788,3.5.1.1,4.3,NA,NA,NA,1,59933,3,NA,5,NA,1,NA,1,0.043,2018-10-01,Unemployment rate,Estimate,Seasonally adjusted
2018-11,"Vancouver, British Columbia",2016S050359933,Persons,249,thousands,3,v1235049783,3.4.1.1,70.6,NA,NA,NA,1,59933,3,NA,1.2.4,NA,1,NA,1,70600,2018-11-01,Unemployment,Estimate,Seasonally adjusted
2018-11,"Vancouver, British Columbia",2016S050359933,Percentage,242,units,0,v1235049788,3.5.1.1,4.5,NA,NA,NA,1,59933,3,NA,5,NA,1,NA,1,0.045,2018-11-01,Unemployment rate,Estimate,Seasonally adjusted
2018-12,"Vancouver, British Columbia",2016S050359933,Persons,249,thousands,3,v1235049783,3.4.1.1,76.3,NA,NA,NA,1,59933,3,NA,1.2.4,NA,1,NA,1,76300,2018-12-01,Unemployment,Estimate,Seasonally adjusted
2018-12,"Vancouver, British Columbia",2016S050359933,Percentage,242,units,0,v1235049788,3.5.1.1,4.9,NA,NA,NA,1,59933,3,NA,5,NA,1,NA,1,0.049,2018-12-01,Unemployment rate,Estimate,Seasonally adjusted
2019-01,"Vancouver, British Columbia",2016S050359933,Persons,249,thousands,3,v1235049783,3.4.1.1,82.5,NA,NA,NA,1,59933,3,NA,1.2.4,NA,1,NA,1,82500,2019-01-01,Unemployment,Estimate,Seasonally adjusted
2019-01,"Vancouver, British Columbia",2016S050359933,Percentage,242,units,0,v1235049788,3.5.1.1,5.2,NA,NA,NA,1,59933,3,NA,5,NA,1,NA,1,0.052000000000000005,2019-01-01,Unemployment rate,Estimate,Seasonally adjusted
2019-02,"Vancouver, British Columbia",2016S050359933,Persons,249,thousands,3,v1235049783,3.4.1.1,74.4,NA,NA,NA,1,59933,3,NA,1.2.4,NA,1,NA,1,74400,2019-02-01,Unemployment,Estimate,Seasonally adjusted
2019-02,"Vancouver, British Columbia",2016S050359933,Percentage,242,units,0,v1235049788,3.5.1.1,4.7,NA,NA,NA,1,59933,3,NA,5,NA,1,NA,1,0.047,2019-02-01,Unemployment rate,Estimate,Seasonally adjusted
2019-03,"Vancouver, British Columbia",2016S050359933,Persons,249,thousands,3,v1235049783,3.4.1.1,71.7,NA,NA,NA,1,59933,3,NA,1.2.4,NA,1,NA,1,71700,2019-03-01,Unemployment,Estimate,Seasonally adjusted
2019-03,"Vancouver, British Columbia",2016S050359933,Percentage,242,units,0,v1235049788,3.5.1.1,4.5,NA,NA,NA,1,59933,3,NA,5,NA,1,NA,1,0.045,2019-03-01,Unemployment rate,Estimate,Seasonally adjusted
2019-04,"Vancouver, British Columbia",2016S050359933,Persons,249,thousands,3,v1235049783,3.4.1.1,66.2,NA,NA,NA,1,59933,3,NA,1.2.4,NA,1,NA,1,66200,2019-04-01,Unemployment,Estimate,Seasonally adjusted
2019-04,"Vancouver, British Columbia",2016S050359933,Percentage,242,units,0,v1235049788,3.5.1.1,4.2,NA,NA,NA,1,59933,3,NA,5,NA,1,NA,1,0.042,2019-04-01,Unemployment rate,Estimate,Seasonally adjusted
2019-05,"Vancouver, British Columbia",2016S050359933,Persons,249,thousands,3,v1235049783,3.4.1.1,62.8,NA,NA,NA,1,59933,3,NA,1.2.4,NA,1,NA,1,62800,2019-05-01,Unemployment,Estimate,Seasonally adjusted
2019-05,"Vancouver, British Columbia",2016S050359933,Percentage,242,units,0,v1235049788,3.5.1.1,4,NA,NA,NA,1,59933,3,NA,5,NA,1,NA,1,0.04,2019-05-01,Unemployment rate,Estimate,Seasonally adjusted
2019-06,"Vancouver, British Columbia",2016S050359933,Persons,249,thousands,3,v1235049783,3.4.1.1,64.9,NA,NA,NA,1,59933,3,NA,1.2.4,NA,1,NA,1,64900.00000000001,2019-06-01,Unemployment,Estimate,Seasonally adjusted
2019-06,"Vancouver, British Columbia",2016S050359933,Percentage,242,units,0,v1235049788,3.5.1.1,4.1,NA,NA,NA,1,59933,3,NA,5,NA,1,NA,1,0.040999999999999995,2019-06-01,Unemployment rate,Estimate,Seasonally adjusted
2019-07,"Vancouver, British Columbia",2016S050359933,Persons,249,thousands,3,v1235049783,3.4.1.1,63.8,NA,NA,NA,1,59933,3,NA,1.2.4,NA,1,NA,1,63800,2019-07-01,Unemployment,Estimate,Seasonally adjusted
2019-07,"Vancouver, British Columbia",2016S050359933,Percentage,242,units,0,v1235049788,3.5.1.1,4.1,NA,NA,NA,1,59933,3,NA,5,NA,1,NA,1,0.040999999999999995,2019-07-01,Unemployment rate,Estimate,Seasonally adjusted
2019-08,"Vancouver, British Columbia",2016S050359933,Persons,249,thousands,3,v1235049783,3.4.1.1,81.8,NA,NA,NA,1,59933,3,NA,1.2.4,NA,1,NA,1,81800,2019-08-01,Unemployment,Estimate,Seasonally adjusted
2019-08,"Vancouver, British Columbia",2016S050359933,Percentage,242,units,0,v1235049788,3.5.1.1,5.2,NA,NA,NA,1,59933,3,NA,5,NA,1,NA,1,0.052000000000000005,2019-08-01,Unemployment rate,Estimate,Seasonally adjusted
2019-09,"Vancouver, British Columbia",2016S050359933,Persons,249,thousands,3,v1235049783,3.4.1.1,77,NA,NA,NA,1,59933,3,NA,1.2.4,NA,1,NA,1,77000,2019-09-01,Unemployment,Estimate,Seasonally adjusted
2019-09,"Vancouver, British Columbia",2016S050359933,Percentage,242,units,0,v1235049788,3.5.1.1,4.9,NA,NA,NA,1,59933,3,NA,5,NA,1,NA,1,0.049,2019-09-01,Unemployment rate,Estimate,Seasonally adjusted
2019-10,"Vancouver, British Columbia",2016S050359933,Persons,249,thousands,3,v1235049783,3.4.1.1,78.5,NA,NA,NA,1,59933,3,NA,1.2.4,NA,1,NA,1,78500,2019-10-01,Unemployment,Estimate,Seasonally adjusted
2019-10,"Vancouver, British Columbia",2016S050359933,Percentage,242,units,0,v1235049788,3.5.1.1,4.9,NA,NA,NA,1,59933,3,NA,5,NA,1,NA,1,0.049,2019-10-01,Unemployment rate,Estimate,Seasonally adjusted
2019-11,"Vancouver, British Columbia",2016S050359933,Persons,249,thousands,3,v1235049783,3.4.1.1,78.2,NA,NA,NA,1,59933,3,NA,1.2.4,NA,1,NA,1,78200,2019-11-01,Unemployment,Estimate,Seasonally adjusted
2019-11,"Vancouver, British Columbia",2016S050359933,Percentage,242,units,0,v1235049788,3.5.1.1,4.9,NA,NA,NA,1,59933,3,NA,5,NA,1,NA,1,0.049,2019-11-01,Unemployment rate,Estimate,Seasonally adjusted
2019-12,"Vancouver, British Columbia",2016S050359933,Persons,249,thousands,3,v1235049783,3.4.1.1,73.6,NA,NA,NA,1,59933,3,NA,1.2.4,NA,1,NA,1,73600,2019-12-01,Unemployment,Estimate,Seasonally adjusted
2019-12,"Vancouver, British Columbia",2016S050359933,Percentage,242,units,0,v1235049788,3.5.1.1,4.7,NA,NA,NA,1,59933,3,NA,5,NA,1,NA,1,0.047,2019-12-01,Unemployment rate,Estimate,Seasonally adjusted
2020-01,"Vancouver, British Columbia",2016S050359933,Persons,249,thousands,3,v1235049783,3.4.1.1,64.3,NA,NA,NA,1,59933,3,NA,1.2.4,NA,1,NA,1,64300,2020-01-01,Unemployment,Estimate,Seasonally adjusted
2020-01,"Vancouver, British Columbia",2016S050359933,Percentage,242,units,0,v1235049788,3.5.1.1,4.1,NA,NA,NA,1,59933,3,NA,5,NA,1,NA,1,0.040999999999999995,2020-01-01,Unemployment rate,Estimate,Seasonally adjusted
2020-02,"Vancouver, British Columbia",2016S050359933,Persons,249,thousands,3,v1235049783,3.4.1.1,70.4,NA,NA,NA,1,59933,3,NA,1.2.4,NA,1,NA,1,70400,2020-02-01,Unemployment,Estimate,Seasonally adjusted
2020-02,"Vancouver, British Columbia",2016S050359933,Percentage,242,units,0,v1235049788,3.5.1.1,4.5,NA,NA,NA,1,59933,3,NA,5,NA,1,NA,1,0.045,2020-02-01,Unemployment rate,Estimate,Seasonally adjusted
2020-03,"Vancouver, British Columbia",2016S050359933,Persons,249,thousands,3,v1235049783,3.4.1.1,107.5,NA,NA,NA,1,59933,3,NA,1.2.4,NA,1,NA,1,107500,2020-03-01,Unemployment,Estimate,Seasonally adjusted
2020-03,"Vancouver, British Columbia",2016S050359933,Percentage,242,units,0,v1235049788,3.5.1.1,7.2,NA,NA,NA,1,59933,3,NA,5,NA,1,NA,1,0.07200000000000001,2020-03-01,Unemployment rate,Estimate,Seasonally adjusted
2020-04,"Vancouver, British Columbia",2016S050359933,Persons,249,thousands,3,v1235049783,3.4.1.1,154,NA,NA,NA,1,59933,3,NA,1.2.4,NA,1,NA,1,154000,2020-04-01,Unemployment,Estimate,Seasonally adjusted
2020-04,"Vancouver, British Columbia",2016S050359933,Percentage,242,units,0,v1235049788,3.5.1.1,11.1,NA,NA,NA,1,59933,3,NA,5,NA,1,NA,1,0.111,2020-04-01,Unemployment rate,Estimate,Seasonally adjusted
2020-05,"Vancouver, British Columbia",2016S050359933,Persons,249,thousands,3,v1235049783,3.4.1.1,202.9,NA,NA,NA,1,59933,3,NA,1.2.4,NA,1,NA,1,202900,2020-05-01,Unemployment,Estimate,Seasonally adjusted
2020-05,"Vancouver, British Columbia",2016S050359933,Percentage,242,units,0,v1235049788,3.5.1.1,14.2,NA,NA,NA,1,59933,3,NA,5,NA,1,NA,1,0.142,2020-05-01,Unemployment rate,Estimate,Seasonally adjusted
2020-06,"Vancouver, British Columbia",2016S050359933,Persons,249,thousands,3,v1235049783,3.4.1.1,218.7,NA,NA,NA,1,59933,3,NA,1.2.4,NA,1,NA,1,218700,2020-06-01,Unemployment,Estimate,Seasonally adjusted
2020-06,"Vancouver, British Columbia",2016S050359933,Percentage,242,units,0,v1235049788,3.5.1.1,14.5,NA,NA,NA,1,59933,3,NA,5,NA,1,NA,1,0.145,2020-06-01,Unemployment rate,Estimate,Seasonally adjusted
2020-07,"Vancouver, British Columbia",2016S050359933,Persons,249,thousands,3,v1235049783,3.4.1.1,180.9,NA,NA,NA,1,59933,3,NA,1.2.4,NA,1,NA,1,180900,2020-07-01,Unemployment,Estimate,Seasonally adjusted
2020-07,"Vancouver, British Columbia",2016S050359933,Percentage,242,units,0,v1235049788,3.5.1.1,11.9,NA,NA,NA,1,59933,3,NA,5,NA,1,NA,1,0.11900000000000001,2020-07-01,Unemployment rate,Estimate,Seasonally adjusted
2020-08,"Vancouver, British Columbia",2016S050359933,Persons,249,thousands,3,v1235049783,3.4.1.1,194.8,NA,NA,NA,1,59933,3,NA,1.2.4,NA,1,NA,1,194800,2020-08-01,Unemployment,Estimate,Seasonally adjusted
2020-08,"Vancouver, British Columbia",2016S050359933,Percentage,242,units,0,v1235049788,3.5.1.1,12.7,NA,NA,NA,1,59933,3,NA,5,NA,1,NA,1,0.127,2020-08-01,Unemployment rate,Estimate,Seasonally adjusted
2020-09,"Vancouver, British Columbia",2016S050359933,Persons,249,thousands,3,v1235049783,3.4.1.1,141.1,NA,NA,NA,1,59933,3,NA,1.2.4,NA,1,NA,1,141100,2020-09-01,Unemployment,Estimate,Seasonally adjusted
2020-09,"Vancouver, British Columbia",2016S050359933,Percentage,242,units,0,v1235049788,3.5.1.1,9.3,NA,NA,NA,1,59933,3,NA,5,NA,1,NA,1,0.09300000000000001,2020-09-01,Unemployment rate,Estimate,Seasonally adjusted
2020-10,"Vancouver, British Columbia",2016S050359933,Persons,249,thousands,3,v1235049783,3.4.1.1,119.4,NA,NA,NA,1,59933,3,NA,1.2.4,NA,1,NA,1,119400,2020-10-01,Unemployment,Estimate,Seasonally adjusted
2020-10,"Vancouver, British Columbia",2016S050359933,Percentage,242,units,0,v1235049788,3.5.1.1,7.7,NA,NA,NA,1,59933,3,NA,5,NA,1,NA,1,0.077,2020-10-01,Unemployment rate,Estimate,Seasonally adjusted
2020-11,"Vancouver, British Columbia",2016S050359933,Persons,249,thousands,3,v1235049783,3.4.1.1,119,NA,NA,NA,1,59933,3,NA,1.2.4,NA,1,NA,1,119000,2020-11-01,Unemployment,Estimate,Seasonally adjusted
2020-11,"Vancouver, British Columbia",2016S050359933,Percentage,242,units,0,v1235049788,3.5.1.1,7.6,NA,NA,NA,1,59933,3,NA,5,NA,1,NA,1,0.076,2020-11-01,Unemployment rate,Estimate,Seasonally adjusted
2020-12,"Vancouver, British Columbia",2016S050359933,Persons,249,thousands,3,v1235049783,3.4.1.1,109.4,NA,NA,NA,1,59933,3,NA,1.2.4,NA,1,NA,1,109400,2020-12-01,Unemployment,Estimate,Seasonally adjusted
2020-12,"Vancouver, British Columbia",2016S050359933,Percentage,242,units,0,v1235049788,3.5.1.1,7,NA,NA,NA,1,59933,3,NA,5,NA,1,NA,1,0.07,2020-12-01,Unemployment rate,Estimate,Seasonally adjusted
2021-01,"Vancouver, British Columbia",2016S050359933,Persons,249,thousands,3,v1235049783,3.4.1.1,143.3,NA,NA,NA,1,59933,3,NA,1.2.4,NA,1,NA,1,143300,2021-01-01,Unemployment,Estimate,Seasonally adjusted
2021-01,"Vancouver, British Columbia",2016S050359933,Percentage,242,units,0,v1235049788,3.5.1.1,9,NA,NA,NA,1,59933,3,NA,5,NA,1,NA,1,0.09,2021-01-01,Unemployment rate,Estimate,Seasonally adjusted
2021-02,"Vancouver, British Columbia",2016S050359933,Persons,249,thousands,3,v1235049783,3.4.1.1,122.5,NA,NA,NA,1,59933,3,NA,1.2.4,NA,1,NA,1,122500,2021-02-01,Unemployment,Estimate,Seasonally adjusted
2021-02,"Vancouver, British Columbia",2016S050359933,Percentage,242,units,0,v1235049788,3.5.1.1,7.7,NA,NA,NA,1,59933,3,NA,5,NA,1,NA,1,0.077,2021-02-01,Unemployment rate,Estimate,Seasonally adjusted
2021-03,"Vancouver, British Columbia",2016S050359933,Persons,249,thousands,3,v1235049783,3.4.1.1,119.9,NA,NA,NA,1,59933,3,NA,1.2.4,NA,1,NA,1,119900,2021-03-01,Unemployment,Estimate,Seasonally adjusted
2021-03,"Vancouver, British Columbia",2016S050359933,Percentage,242,units,0,v1235049788,3.5.1.1,7.4,NA,NA,NA,1,59933,3,NA,5,NA,1,NA,1,0.07400000000000001,2021-03-01,Unemployment rate,Estimate,Seasonally adjusted
2021-04,"Vancouver, British Columbia",2016S050359933,Persons,249,thousands,3,v1235049783,3.4.1.1,111.1,NA,NA,NA,1,59933,3,NA,1.2.4,NA,1,NA,1,111100,2021-04-01,Unemployment,Estimate,Seasonally adjusted
2021-04,"Vancouver, British Columbia",2016S050359933,Percentage,242,units,0,v1235049788,3.5.1.1,7,NA,NA,NA,1,59933,3,NA,5,NA,1,NA,1,0.07,2021-04-01,Unemployment rate,Estimate,Seasonally adjusted
2021-05,"Vancouver, British Columbia",2016S050359933,Persons,249,thousands,3,v1235049783,3.4.1.1,130.5,NA,NA,NA,1,59933,3,NA,1.2.4,NA,1,NA,1,130500,2021-05-01,Unemployment,Estimate,Seasonally adjusted
2021-05,"Vancouver, British Columbia",2016S050359933,Percentage,242,units,0,v1235049788,3.5.1.1,8.1,NA,NA,NA,1,59933,3,NA,5,NA,1,NA,1,0.081,2021-05-01,Unemployment rate,Estimate,Seasonally adjusted
2021-06,"Vancouver, British Columbia",2016S050359933,Persons,249,thousands,3,v1235049783,3.4.1.1,118.2,NA,NA,NA,1,59933,3,NA,1.2.4,NA,1,NA,1,118200,2021-06-01,Unemployment,Estimate,Seasonally adjusted
2021-06,"Vancouver, British Columbia",2016S050359933,Percentage,242,units,0,v1235049788,3.5.1.1,7.3,NA,NA,NA,1,59933,3,NA,5,NA,1,NA,1,0.073,2021-06-01,Unemployment rate,Estimate,Seasonally adjusted
2021-07,"Vancouver, British Columbia",2016S050359933,Persons,249,thousands,3,v1235049783,3.4.1.1,116.8,NA,NA,NA,1,59933,3,NA,1.2.4,NA,1,NA,1,116800,2021-07-01,Unemployment,Estimate,Seasonally adjusted
2021-07,"Vancouver, British Columbia",2016S050359933,Percentage,242,units,0,v1235049788,3.5.1.1,7.2,NA,NA,NA,1,59933,3,NA,5,NA,1,NA,1,0.07200000000000001,2021-07-01,Unemployment rate,Estimate,Seasonally adjusted
2021-08,"Vancouver, British Columbia",2016S050359933,Persons,249,thousands,3,v1235049783,3.4.1.1,108.4,NA,NA,NA,1,59933,3,NA,1.2.4,NA,1,NA,1,108400,2021-08-01,Unemployment,Estimate,Seasonally adjusted
2021-08,"Vancouver, British Columbia",2016S050359933,Percentage,242,units,0,v1235049788,3.5.1.1,6.6,NA,NA,NA,1,59933,3,NA,5,NA,1,NA,1,0.066,2021-08-01,Unemployment rate,Estimate,Seasonally adjusted
2021-09,"Vancouver, British Columbia",2016S050359933,Persons,249,thousands,3,v1235049783,3.4.1.1,101.3,NA,NA,NA,1,59933,3,NA,1.2.4,NA,1,NA,1,101300,2021-09-01,Unemployment,Estimate,Seasonally adjusted
2021-09,"Vancouver, British Columbia",2016S050359933,Percentage,242,units,0,v1235049788,3.5.1.1,6.2,NA,NA,NA,1,59933,3,NA,5,NA,1,NA,1,0.062,2021-09-01,Unemployment rate,Estimate,Seasonally adjusted
2021-10,"Vancouver, British Columbia",2016S050359933,Persons,249,thousands,3,v1235049783,3.4.1.1,97.1,NA,NA,NA,1,59933,3,NA,1.2.4,NA,1,NA,1,97100,2021-10-01,Unemployment,Estimate,Seasonally adjusted
2021-10,"Vancouver, British Columbia",2016S050359933,Percentage,242,units,0,v1235049788,3.5.1.1,6,NA,NA,NA,1,59933,3,NA,5,NA,1,NA,1,0.06,2021-10-01,Unemployment rate,Estimate,Seasonally adjusted
2021-11,"Vancouver, British Columbia",2016S050359933,Persons,249,thousands,3,v1235049783,3.4.1.1,94.1,NA,NA,NA,1,59933,3,NA,1.2.4,NA,1,NA,1,94100,2021-11-01,Unemployment,Estimate,Seasonally adjusted
2021-11,"Vancouver, British Columbia",2016S050359933,Percentage,242,units,0,v1235049788,3.5.1.1,5.8,NA,NA,NA,1,59933,3,NA,5,NA,1,NA,1,0.057999999999999996,2021-11-01,Unemployment rate,Estimate,Seasonally adjusted
2021-12,"Vancouver, British Columbia",2016S050359933,Persons,249,thousands,3,v1235049783,3.4.1.1,90,NA,NA,NA,1,59933,3,NA,1.2.4,NA,1,NA,1,90000,2021-12-01,Unemployment,Estimate,Seasonally adjusted
2021-12,"Vancouver, British Columbia",2016S050359933,Percentage,242,units,0,v1235049788,3.5.1.1,5.6,NA,NA,NA,1,59933,3,NA,5,NA,1,NA,1,0.055999999999999994,2021-12-01,Unemployment rate,Estimate,Seasonally adjusted
2022-01,"Vancouver, British Columbia",2016S050359933,Persons,249,thousands,3,v1235049783,3.4.1.1,90.9,NA,NA,NA,1,59933,3,NA,1.2.4,NA,1,NA,1,90900,2022-01-01,Unemployment,Estimate,Seasonally adjusted
2022-01,"Vancouver, British Columbia",2016S050359933,Percentage,242,units,0,v1235049788,3.5.1.1,5.7,NA,NA,NA,1,59933,3,NA,5,NA,1,NA,1,0.057,2022-01-01,Unemployment rate,Estimate,Seasonally adjusted
